id,temperature_c,humidity_pct,wind_speed_kmh,rainfall_last_day_mm,people_displaced,fire_last_year,fire_last_5_years,fire_ever,fire_occurred,trees_burned
1,25.3,25.5,31.2,1.47,0,No,No,No,No,NA
2,30.9,20.6,24.7,0.47,0,No,No,No,No,NA
3,16.2,71.2,18.3,22.12,0,No,No,No,No,NA
4,25.7,28.1,58.3,1.01,638,No,Yes,Yes,Yes,2704
5,22.9,30.9,45.1,2.66,911,Yes,Yes,Yes,Yes,1902
6,28.8,29.1,61.7,0.33,86,No,No,Yes,Yes,3275
7,19.3,64.1,21.4,24.77,0,No,No,No,No,NA
8,28.4,50.5,23.0,0.74,0,No,Yes,Yes,No,NA
9,22.1,45.0,46.0,5.32,211,No,Yes,Yes,Yes,1188
10,22.2,55.0,32.8,1.18,12,No,Yes,Yes,Yes,713
11,34.3,34.4,74.4,0.02,181,No,No,Yes,Yes,1968
12,23.7,25.1,48.9,2.16,0,No,No,No,No,NA
13,21.1,81.8,19.0,17.06,0,No,No,No,No,NA
14,20.4,74.5,18.3,2.01,0,No,No,Yes,No,NA
15,33.1,14.8,84.0,0.08,297,No,No,Yes,Yes,7296
16,13.7,73.2,28.2,24.22,0,No,No,No,No,NA
17,14.3,80.0,18.4,18.07,0,No,No,No,No,NA
18,7.9,78.5,16.8,13.05,0,No,No,No,No,NA
19,35.0,23.4,81.6,0.04,1770,No,No,Yes,Yes,805
20,30.9,24.5,56.3,0.19,0,No,Yes,Yes,No,NA
21,40.8,24.7,35.9,0.2,316,No,No,Yes,Yes,528
22,36.0,27.5,54.5,0.81,0,No,No,Yes,No,NA
23,20.4,84.2,37.8,21.67,0,No,No,No,No,NA
24,16.2,92.6,8.3,5.08,0,No,No,No,No,NA
25,31.4,28.9,69.2,1.57,0,Yes,Yes,Yes,No,NA
26,39.5,17.2,74.9,0.03,55,No,Yes,Yes,Yes,1855
27,18.8,37.2,41.2,3.77,0,No,No,No,No,NA
28,40.1,15.1,65.0,0.26,675,No,Yes,Yes,Yes,1419
29,29.3,53.7,15.3,5.16,0,No,Yes,Yes,No,NA
30,24.3,77.0,27.0,8.65,0,No,No,No,No,NA
31,38.0,29.7,89.2,0.01,44,No,Yes,Yes,Yes,3805
32,13.6,67.0,16.3,10.54,0,No,No,No,No,NA
33,16.9,82.6,35.4,5.03,0,No,No,No,No,NA
34,36.3,10.2,88.8,0.08,2864,No,No,Yes,Yes,2637
35,20.5,75.9,19.6,4.67,0,No,No,No,No,NA
36,43.7,11.6,45.0,0.05,378,No,No,Yes,Yes,2465
37,24.8,75.3,27.0,2.45,0,No,No,No,No,NA
38,30.8,42.3,52.4,0.8,0,No,No,Yes,No,NA
39,30.7,31.3,58.4,0.61,0,Yes,Yes,Yes,No,NA
40,22.8,36.4,42.1,3.13,0,No,No,No,No,NA
41,15.3,60.7,36.3,8.75,0,No,No,No,No,NA
42,33.4,15.4,73.7,0.16,3,No,Yes,Yes,Yes,2575
43,18.9,83.5,32.1,7.33,0,No,No,No,No,NA
44,26.2,48.3,19.4,7.25,0,No,No,No,No,NA
45,24.0,40.9,19.5,3.65,0,No,No,No,No,NA
46,21.2,62.5,18.7,2.01,0,No,No,No,No,NA
47,25.3,26.4,42.7,2.7,0,No,No,No,No,NA
48,21.6,62.1,21.6,13.15,0,No,No,No,No,NA
49,13.7,75.6,9.0,5.85,0,No,No,No,No,NA
50,29.6,37.7,48.8,1.44,1038,Yes,Yes,Yes,Yes,2763
51,24.4,41.1,47.8,1.39,0,No,No,No,No,NA
52,29.6,36.0,53.4,1.98,0,No,No,No,No,NA
53,35.4,29.4,60.2,1.66,146,No,No,Yes,Yes,3292
54,40.0,20.4,87.6,0.27,135,Yes,Yes,Yes,Yes,2857
55,22.1,56.6,15.2,11.77,0,No,No,No,No,NA
56,26.3,40.4,57.8,0.06,0,No,No,No,No,NA
57,28.1,22.0,70.1,1.71,0,No,No,Yes,No,NA
58,20.0,82.4,24.6,9.0,0,No,No,No,No,NA
59,30.0,41.8,56.8,2.94,0,No,No,No,No,NA
60,24.8,20.5,50.7,0.54,0,Yes,Yes,Yes,No,NA
61,23.4,52.6,24.7,7.63,0,No,No,No,No,NA
62,28.2,25.8,80.0,0.7,480,No,No,Yes,Yes,4324
63,40.1,12.1,58.4,0.06,2159,Yes,Yes,Yes,Yes,2611
64,24.6,57.7,5.6,7.62,0,No,No,No,No,NA
65,32.4,29.0,43.7,2.49,976,No,No,Yes,Yes,1132
66,27.4,26.9,42.1,1.48,0,No,No,Yes,No,NA
67,29.3,34.2,65.4,1.66,0,No,No,Yes,No,NA
68,38.0,28.4,96.5,0.46,500,Yes,Yes,Yes,Yes,3009
69,34.8,28.4,53.5,0.99,1059,No,Yes,Yes,Yes,776
70,12.1,83.7,12.6,18.84,0,No,No,No,No,NA
71,35.8,24.8,71.7,0.19,734,No,No,Yes,Yes,1984
72,33.0,36.0,34.1,1.36,716,No,Yes,Yes,Yes,897
73,7.8,82.1,19.5,39.18,0,No,No,No,No,NA
74,33.3,25.9,38.0,0.6,0,Yes,Yes,Yes,No,NA
75,39.1,12.5,102.1,0.49,255,No,Yes,Yes,Yes,2911
76,29.4,16.3,59.7,1.15,308,No,Yes,Yes,Yes,2122
77,28.7,40.8,29.0,1.57,0,No,No,No,No,NA
78,29.9,26.1,49.8,2.44,0,No,No,No,No,NA
79,13.1,76.6,6.6,13.4,0,No,No,No,No,NA
80,27.0,36.9,31.7,0.69,0,No,No,No,No,NA
81,28.9,19.7,50.6,1.58,59,No,No,Yes,Yes,384
82,40.7,11.4,60.0,0.31,2162,Yes,Yes,Yes,Yes,1029
83,17.4,70.9,27.9,22.57,0,No,No,No,No,NA
84,33.2,24.4,80.2,0.29,0,No,No,No,No,NA
85,37.5,25.3,60.5,0.52,1169,No,Yes,Yes,Yes,3099
86,25.7,38.4,54.3,0.99,0,No,No,Yes,No,NA
87,12.4,62.2,17.6,5.55,0,No,No,No,No,NA
88,40.5,17.2,54.8,0.09,311,No,No,Yes,Yes,4580
89,35.7,24.0,57.3,0.97,217,Yes,Yes,Yes,Yes,2767
90,29.6,22.3,61.6,1.0,0,No,No,No,No,NA
91,35.4,19.6,78.3,0.46,182,No,Yes,Yes,Yes,2845
92,25.7,40.8,30.7,0.01,0,No,No,No,No,NA
93,30.0,29.8,30.9,2.15,129,No,Yes,Yes,Yes,709
94,22.6,37.1,41.4,1.27,0,No,No,No,No,NA
95,26.2,38.3,52.8,2.94,0,No,Yes,Yes,No,NA
96,33.7,28.8,46.3,0.91,0,No,No,Yes,No,NA
97,15.7,74.5,11.6,13.22,0,No,Yes,Yes,No,NA
98,15.8,67.9,31.6,19.71,0,No,Yes,Yes,No,NA
99,43.0,24.9,76.0,0.1,154,No,No,Yes,Yes,4089
100,35.8,14.4,38.7,0.27,969,No,No,Yes,Yes,308
101,11.5,84.6,9.6,27.33,0,No,No,No,No,NA
102,38.8,28.6,46.3,0.88,327,No,Yes,Yes,Yes,1161
103,31.4,27.1,35.3,1.08,3,No,No,Yes,Yes,88
104,43.8,20.7,80.0,0.45,797,No,Yes,Yes,Yes,1175
105,21.3,77.6,21.2,7.56,0,No,No,No,No,NA
106,15.9,62.4,23.7,5.16,0,No,No,No,No,NA
107,25.3,53.3,44.1,2.43,0,No,No,No,No,NA
108,39.7,16.8,56.9,0.96,2699,No,No,Yes,Yes,6220
109,15.7,79.8,10.4,14.8,0,No,No,No,No,NA
110,37.6,26.4,106.4,0.11,62,No,Yes,Yes,Yes,7529
111,38.9,21.0,56.3,0.28,0,Yes,Yes,Yes,No,NA
112,13.4,71.3,30.1,19.35,0,No,No,No,No,NA
113,23.9,71.4,25.8,13.08,0,No,No,No,No,NA
114,22.2,43.9,23.3,3.22,0,No,No,No,No,NA
115,20.6,40.5,48.9,7.62,0,No,Yes,Yes,No,NA
116,32.7,13.7,89.3,0.39,723,No,No,Yes,Yes,4686
117,22.9,69.9,11.9,19.71,0,No,No,No,No,NA
118,16.1,76.7,8.3,8.45,0,No,No,No,No,NA
119,34.3,8.9,74.5,0.26,1680,No,Yes,Yes,Yes,1929
120,41.5,23.4,69.5,0.15,257,No,Yes,Yes,Yes,5174
121,28.9,16.6,64.3,0.13,1239,No,No,Yes,Yes,2042
122,34.1,23.6,71.7,0.23,1080,No,No,Yes,Yes,4504
123,25.7,34.1,36.6,0.29,58,No,No,Yes,Yes,412
124,25.9,21.9,56.9,1.62,0,No,No,No,No,NA
125,17.6,76.8,22.3,22.22,0,No,No,No,No,NA
126,44.6,18.2,51.1,0.29,877,No,No,Yes,Yes,680
127,37.5,26.1,100.7,0.97,3258,No,No,Yes,Yes,2350
128,30.4,15.5,95.7,0.92,2682,Yes,Yes,Yes,Yes,2372
129,32.5,24.3,41.0,0.68,6,No,No,Yes,Yes,2570
130,22.5,56.2,7.0,9.98,0,No,No,No,No,NA
131,25.0,40.1,24.6,1.29,10,No,No,Yes,Yes,655
132,18.7,24.1,62.8,3.07,0,No,Yes,Yes,No,NA
133,23.9,32.6,48.1,1.5,0,No,No,No,No,NA
134,29.0,34.8,41.8,0.92,140,No,Yes,Yes,Yes,1138
135,21.7,54.0,31.1,5.67,0,No,No,No,No,NA
136,27.4,31.8,46.2,0.79,76,Yes,Yes,Yes,Yes,454
137,23.5,54.2,37.6,1.61,43,Yes,Yes,Yes,Yes,251
138,33.6,26.3,63.2,1.36,0,No,No,No,No,NA
139,21.9,39.4,37.6,1.76,0,No,No,No,No,NA
140,37.7,17.0,54.5,0.46,138,Yes,Yes,Yes,Yes,5251
141,27.1,36.1,51.7,2.69,97,No,No,Yes,Yes,1392
142,37.9,21.8,80.2,0.49,1870,No,No,Yes,Yes,388
143,19.9,27.5,36.3,1.64,50,No,Yes,Yes,Yes,493
144,33.3,27.0,107.9,0.6,1726,No,Yes,Yes,Yes,5629
145,21.0,78.5,12.7,8.78,0,No,No,No,No,NA
146,12.9,76.8,25.3,3.4,0,No,No,No,No,NA
147,29.5,44.7,22.9,1.53,417,No,No,Yes,Yes,157
148,40.6,22.9,67.1,0.3,100,No,Yes,Yes,Yes,5912
149,26.8,39.8,30.5,2.64,0,No,No,No,No,NA
150,14.4,84.1,33.5,22.89,0,No,No,No,No,NA
151,29.8,29.2,36.3,1.53,0,No,No,No,No,NA
152,15.4,73.5,10.0,27.44,0,No,No,No,No,NA
153,32.1,30.3,26.2,0.17,660,No,Yes,Yes,Yes,753
154,29.3,43.3,28.9,3.3,0,Yes,Yes,Yes,No,NA
155,33.4,33.0,59.6,0.28,639,No,No,Yes,Yes,1596
156,43.8,8.3,42.9,0.07,75,No,No,Yes,Yes,2959
157,10.5,89.8,14.1,8.88,0,No,No,No,No,NA
158,40.2,17.8,73.1,0.15,690,No,Yes,Yes,Yes,1677
159,17.4,79.7,25.2,3.45,0,No,Yes,Yes,No,NA
160,36.6,9.1,44.5,0.33,488,No,Yes,Yes,Yes,505
161,39.8,24.6,47.3,0.27,1507,No,No,Yes,Yes,113
162,29.3,45.3,49.6,4.57,814,No,No,Yes,Yes,388
163,22.7,51.0,30.3,3.5,0,No,No,No,No,NA
164,29.7,44.9,32.4,7.43,0,No,No,No,No,NA
165,22.9,37.0,52.9,1.64,339,No,Yes,Yes,Yes,803
166,24.5,49.5,46.9,5.11,0,No,No,No,No,NA
167,33.0,18.8,51.8,0.4,57,No,No,Yes,Yes,695
168,27.4,32.9,38.1,1.9,11,No,Yes,Yes,Yes,739
169,24.0,48.0,23.7,1.35,0,No,No,No,No,NA
170,32.0,27.4,51.0,2.11,48,No,No,Yes,Yes,3989
171,29.5,38.0,42.3,0.18,0,No,No,No,No,NA
172,26.7,49.2,34.2,2.68,56,No,Yes,Yes,Yes,600
173,15.3,75.9,14.9,17.63,0,No,No,No,No,NA
174,13.3,82.1,12.0,11.76,0,No,No,No,No,NA
175,30.5,41.5,23.0,2.92,0,No,No,No,No,NA
176,15.4,81.9,33.4,17.08,0,No,No,No,No,NA
177,27.5,42.4,53.3,1.55,188,No,Yes,Yes,Yes,899
178,27.5,32.7,47.5,0.25,135,No,Yes,Yes,Yes,701
179,22.1,38.5,26.6,3.46,66,No,No,Yes,Yes,606
180,25.7,30.0,50.1,1.16,0,No,No,No,No,NA
181,25.3,26.5,22.4,1.32,0,No,No,Yes,No,NA
182,28.6,41.4,49.6,3.09,0,No,No,No,No,NA
183,17.6,68.0,24.0,8.88,0,No,No,No,No,NA
184,42.3,27.3,75.1,0.96,105,No,No,Yes,Yes,8271
185,16.7,82.0,24.9,4.98,0,No,No,No,No,NA
186,7.8,78.8,6.0,22.32,0,No,No,No,No,NA
187,31.4,15.2,44.3,0.27,364,No,Yes,Yes,Yes,81
188,31.0,20.1,95.9,0.28,0,No,Yes,Yes,No,NA
189,26.1,44.7,42.3,1.1,25,No,No,Yes,Yes,334
190,34.2,18.0,75.7,0.28,0,No,Yes,Yes,No,NA
191,37.7,20.1,80.6,0.49,471,Yes,Yes,Yes,Yes,1306
192,39.8,12.5,69.3,0.49,2042,Yes,Yes,Yes,Yes,3632
193,23.6,38.6,21.3,2.84,148,Yes,Yes,Yes,Yes,178
194,38.5,29.7,42.5,0.28,275,No,Yes,Yes,Yes,1427
195,25.5,48.5,45.4,5.61,0,No,Yes,Yes,No,NA
196,37.3,14.5,108.4,0.3,3890,No,Yes,Yes,Yes,2743
197,33.7,21.5,82.6,0.9,249,No,Yes,Yes,Yes,447
198,35.9,29.9,48.6,1.66,22,Yes,Yes,Yes,Yes,539
199,14.3,65.8,13.0,10.27,0,No,No,No,No,NA
200,15.1,68.8,28.2,9.32,0,No,No,No,No,NA
201,35.8,30.1,51.5,0.57,1226,No,No,Yes,Yes,1732
202,43.9,11.0,82.9,0.09,4422,No,No,Yes,Yes,3899
203,41.4,10.2,84.1,0.11,0,No,No,Yes,No,NA
204,17.2,82.2,14.0,14.09,0,No,No,No,No,NA
205,21.6,44.2,24.0,1.9,0,No,No,No,No,NA
206,26.1,23.9,49.4,2.55,0,No,No,No,No,NA
207,20.9,48.4,21.5,1.55,0,Yes,Yes,Yes,No,NA
208,42.4,16.0,93.4,0.01,626,No,No,Yes,Yes,360
209,21.2,82.2,33.1,18.19,0,No,No,No,No,NA
210,26.1,39.4,19.7,1.65,0,No,No,No,No,NA
211,29.7,43.3,50.3,2.41,0,No,No,No,No,NA
212,28.5,21.6,42.9,2.82,124,Yes,Yes,Yes,Yes,1606
213,28.5,43.8,38.8,5.88,0,No,No,No,No,NA
214,37.7,24.1,60.5,0.91,1597,No,Yes,Yes,Yes,3325
215,18.9,28.5,53.0,2.16,56,No,No,Yes,Yes,2068
216,22.7,79.5,21.1,9.57,0,No,No,No,No,NA
217,26.1,38.7,46.5,1.62,0,No,Yes,Yes,No,NA
218,13.3,84.5,35.0,19.64,0,No,No,No,No,NA
219,16.2,69.5,16.9,13.13,0,No,No,No,No,NA
220,25.3,33.2,50.7,1.87,0,No,Yes,Yes,No,NA
221,35.2,29.1,41.9,1.48,230,Yes,Yes,Yes,Yes,1281
222,21.8,32.0,51.9,1.28,67,No,Yes,Yes,Yes,397
223,21.3,65.7,17.4,19.5,0,No,No,No,No,NA
224,15.2,70.4,14.5,11.28,0,No,No,No,No,NA
225,8.9,87.7,21.1,37.02,0,No,No,No,No,NA
226,17.3,69.7,17.6,10.27,0,No,No,No,No,NA
227,20.9,49.5,21.7,2.51,0,No,No,No,No,NA
228,26.9,35.2,56.2,1.12,21,No,No,Yes,Yes,1543
229,32.5,35.1,65.7,1.39,0,Yes,Yes,Yes,No,NA
230,34.9,20.7,71.6,0.26,2305,Yes,Yes,Yes,Yes,5677
231,23.1,35.9,45.2,6.06,45,No,Yes,Yes,Yes,1103
232,28.0,30.0,51.2,2.74,125,No,No,Yes,Yes,3439
233,21.7,49.4,32.1,7.38,0,No,No,No,No,NA
234,38.8,22.3,34.5,0.41,52,Yes,Yes,Yes,Yes,959
235,32.5,27.4,66.7,1.23,346,Yes,Yes,Yes,Yes,1093
236,30.2,26.3,90.4,0.81,1308,Yes,Yes,Yes,Yes,585
237,40.3,11.6,107.6,0.46,464,No,No,Yes,Yes,4903
238,33.2,14.4,63.2,0.03,1321,No,Yes,Yes,Yes,3184
239,33.9,38.4,31.5,1.8,0,No,No,No,No,NA
240,30.6,11.5,105.5,0.9,1911,No,Yes,Yes,Yes,4268
241,32.2,31.0,42.6,1.7,0,No,No,No,No,NA
242,15.3,78.9,14.2,24.75,0,No,No,No,No,NA
243,20.5,43.7,44.4,3.05,0,No,No,No,No,NA
244,32.7,31.5,45.4,2.35,0,No,Yes,Yes,No,NA
245,21.8,71.5,7.1,13.14,0,No,No,No,No,NA
246,27.7,27.6,59.2,0.31,140,Yes,Yes,Yes,Yes,3168
247,26.9,29.0,47.7,0.82,155,Yes,Yes,Yes,Yes,1306
248,30.6,39.5,42.4,2.98,46,No,Yes,Yes,Yes,297
249,19.3,65.5,17.1,3.38,0,No,No,No,No,NA
250,35.1,18.9,44.3,0.61,0,No,No,Yes,No,NA
251,24.4,43.6,43.8,5.38,0,No,No,No,No,NA
252,29.4,24.0,37.6,3.86,0,No,No,Yes,No,NA
253,39.6,30.6,53.0,0.56,0,No,No,Yes,No,NA
254,12.7,83.6,18.6,24.25,0,No,No,No,No,NA
255,10.7,77.3,18.9,33.66,0,No,No,No,No,NA
256,29.7,21.1,50.1,0.31,877,No,Yes,Yes,Yes,2343
257,28.0,40.8,34.4,2.69,0,No,No,No,No,NA
258,26.1,25.0,53.2,0.33,0,No,No,No,No,NA
259,32.6,31.6,51.8,0.32,144,No,Yes,Yes,Yes,2400
260,37.3,26.8,60.0,0.69,330,No,Yes,Yes,Yes,2575
261,34.5,25.7,81.3,0.35,100,No,No,Yes,Yes,1380
262,43.0,19.0,70.6,0.08,0,Yes,Yes,Yes,No,NA
263,16.3,71.6,33.9,16.85,0,No,No,No,No,NA
264,22.3,37.3,27.9,1.78,29,No,No,Yes,Yes,322
265,33.0,30.7,38.3,0.39,161,No,No,Yes,Yes,2034
266,28.5,32.0,53.8,1.85,0,No,No,No,No,NA
267,41.9,21.8,90.3,0.31,1536,No,Yes,Yes,Yes,1125
268,24.0,37.7,47.7,1.94,0,No,No,No,No,NA
269,31.5,18.7,73.7,1.24,0,No,No,No,No,NA
270,29.6,31.3,78.6,1.01,97,No,No,Yes,Yes,2850
271,42.3,11.7,32.0,0.11,458,No,No,Yes,Yes,2727
272,19.4,35.5,57.9,1.47,0,No,No,Yes,No,NA
273,14.2,70.6,32.1,17.38,0,No,No,No,No,NA
274,37.8,13.9,79.0,0.22,0,No,No,No,No,NA
275,7.7,88.4,18.8,35.14,0,No,No,No,No,NA
276,19.7,24.1,33.3,0.24,58,No,Yes,Yes,Yes,613
277,21.9,77.0,12.9,24.18,0,No,No,No,No,NA
278,41.3,12.5,102.0,0.25,1578,No,No,Yes,Yes,10317
279,38.2,17.5,54.5,0.79,577,No,Yes,Yes,Yes,5262
280,18.0,35.5,54.3,2.92,0,No,No,No,No,NA
281,28.5,50.9,28.9,7.76,0,No,No,No,No,NA
282,28.3,41.8,35.2,4.75,0,No,No,No,No,NA
283,32.6,18.6,80.2,0.01,2919,No,Yes,Yes,Yes,5842
284,32.1,28.7,66.4,0.65,492,No,Yes,Yes,Yes,681
285,10.6,72.3,6.9,12.47,0,No,No,No,No,NA
286,18.8,60.2,30.9,20.98,0,No,No,No,No,NA
287,19.8,60.7,7.2,16.51,0,No,No,No,No,NA
288,31.8,25.5,95.2,0.13,0,Yes,Yes,Yes,No,NA
289,19.4,73.1,20.7,4.72,0,No,No,No,No,NA
290,6.1,72.5,20.0,25.64,0,No,No,No,No,NA
291,27.9,40.0,37.6,2.36,0,No,No,No,No,NA
292,40.1,23.8,100.9,0.66,228,No,Yes,Yes,Yes,5280
293,11.4,72.8,15.0,25.79,0,No,No,No,No,NA
294,29.3,37.6,45.1,4.76,0,No,No,No,No,NA
295,39.5,30.4,40.7,0.14,533,Yes,Yes,Yes,Yes,2700
296,26.7,33.0,45.6,1.61,62,Yes,Yes,Yes,Yes,3573
297,25.6,36.7,52.2,0.26,0,No,No,No,No,NA
298,5.8,72.2,13.7,20.87,0,No,No,No,No,NA
299,16.2,72.7,22.5,4.95,0,No,No,No,No,NA
300,32.2,12.5,96.9,0.27,71,No,No,Yes,Yes,378
301,25.5,29.9,45.4,0.22,0,No,Yes,Yes,No,NA
302,26.1,22.3,54.6,0.01,0,No,Yes,Yes,No,NA
303,16.8,79.0,5.9,16.46,0,No,No,No,No,NA
304,9.2,80.4,19.4,14.49,0,No,No,No,No,NA
305,18.7,61.3,16.7,14.35,0,No,No,No,No,NA
306,38.4,30.5,52.4,0.17,189,Yes,Yes,Yes,Yes,4285
307,40.0,30.5,69.3,1.09,0,No,No,Yes,No,NA
308,35.0,13.9,80.4,0.44,202,No,Yes,Yes,Yes,7938
309,10.5,94.0,24.5,9.98,0,No,No,No,No,NA
310,16.7,83.0,19.0,18.04,0,No,No,No,No,NA
311,30.1,32.7,39.7,1.18,960,No,No,Yes,Yes,245
312,29.7,39.7,32.7,0.82,67,No,Yes,Yes,Yes,610
313,23.3,32.2,50.8,1.36,0,No,No,No,No,NA
314,26.6,33.7,61.3,1.39,144,No,No,Yes,Yes,551
315,12.5,67.5,34.6,6.83,0,No,No,No,No,NA
316,19.5,66.2,23.9,20.69,0,No,No,Yes,No,NA
317,6.7,90.6,12.4,27.06,0,No,No,No,No,NA
318,41.9,11.5,109.8,0.2,611,No,No,Yes,Yes,1673
319,28.6,33.5,57.3,1.45,202,No,Yes,Yes,Yes,1754
320,15.3,70.5,11.1,7.31,0,No,No,No,No,NA
321,33.1,14.5,55.2,0.32,645,No,Yes,Yes,Yes,1093
322,34.5,24.7,76.5,1.0,137,Yes,Yes,Yes,Yes,1974
323,34.4,30.3,80.0,1.95,149,No,No,Yes,Yes,2161
324,12.5,94.6,12.8,37.73,0,No,No,No,No,NA
325,12.7,90.2,19.0,36.99,0,No,No,No,No,NA
326,24.8,31.3,32.5,3.95,0,No,No,No,No,NA
327,32.3,10.8,53.4,0.6,140,Yes,Yes,Yes,Yes,3926
328,20.6,38.0,39.7,1.56,298,No,Yes,Yes,Yes,146
329,23.0,37.7,20.5,7.62,0,No,No,No,No,NA
330,21.7,54.4,39.3,7.47,0,Yes,Yes,Yes,No,NA
331,39.5,15.9,60.7,0.0,177,No,Yes,Yes,Yes,5097
332,20.7,31.3,62.5,0.56,0,No,No,Yes,No,NA
333,21.4,79.1,25.5,14.06,0,No,No,No,No,NA
334,35.4,12.2,34.1,0.13,700,No,Yes,Yes,Yes,3682
335,25.9,32.5,53.2,2.37,0,No,No,No,No,NA
336,7.1,71.8,21.9,15.32,0,No,No,No,No,NA
337,28.4,37.8,28.0,0.15,0,No,No,No,No,NA
338,25.9,47.3,31.9,0.73,0,No,No,Yes,No,NA
339,15.5,63.3,29.4,9.37,0,No,No,No,No,NA
340,14.7,67.0,17.1,4.09,0,No,No,No,No,NA
341,15.5,55.1,7.2,16.83,0,No,No,No,No,NA
342,25.3,23.4,34.6,0.16,0,No,Yes,Yes,No,NA
343,31.2,20.9,61.1,0.89,37,Yes,Yes,Yes,Yes,1433
344,25.9,26.9,47.1,1.94,0,No,No,No,No,NA
345,31.0,33.4,41.4,2.6,0,No,No,No,No,NA
346,31.6,22.9,74.2,0.07,1167,No,Yes,Yes,Yes,3106
347,24.7,75.2,8.2,9.62,0,No,No,No,No,NA
348,23.3,61.4,27.8,18.46,0,No,No,No,No,NA
349,28.1,42.1,40.8,2.75,16,No,No,Yes,Yes,1586
350,25.1,35.2,62.6,3.7,0,No,Yes,Yes,No,NA
351,28.8,40.3,37.9,4.79,0,No,Yes,Yes,No,NA
352,22.4,42.8,33.3,0.71,0,No,No,No,No,NA
353,20.2,51.3,25.6,2.6,0,No,No,No,No,NA
354,34.7,24.6,35.0,1.49,0,No,No,Yes,No,NA
355,25.7,23.8,33.5,3.3,0,No,No,No,No,NA
356,28.2,45.3,20.6,2.83,0,No,No,Yes,No,NA
357,18.3,23.9,58.3,3.35,511,No,Yes,Yes,Yes,1265
358,31.8,24.8,44.4,0.89,0,Yes,Yes,Yes,No,NA
359,39.7,23.8,67.1,0.39,560,No,Yes,Yes,Yes,6208
360,27.6,42.3,58.7,2.05,0,No,Yes,Yes,No,NA
361,8.3,90.1,11.1,38.85,0,No,No,No,No,NA
362,31.4,34.2,28.7,0.91,0,No,No,No,No,NA
363,19.2,30.2,51.5,3.37,7,No,No,Yes,Yes,968
364,38.3,27.2,65.7,0.71,1793,Yes,Yes,Yes,Yes,6295
365,22.8,26.4,30.6,0.1,0,No,No,Yes,No,NA
366,26.3,25.7,48.3,1.72,1017,No,No,Yes,Yes,672
367,25.1,51.9,44.4,7.07,113,Yes,Yes,Yes,Yes,582
368,26.5,39.4,22.8,7.04,0,No,No,No,No,NA
369,22.6,40.9,44.8,4.03,0,No,No,No,No,NA
370,18.9,37.8,45.0,3.47,65,Yes,Yes,Yes,Yes,774
371,28.7,39.7,30.7,3.45,21,Yes,Yes,Yes,Yes,1232
372,14.9,74.2,20.3,22.14,0,No,No,No,No,NA
373,23.2,28.6,42.2,1.91,425,No,Yes,Yes,Yes,2959
374,40.8,18.7,44.9,0.35,554,No,Yes,Yes,Yes,1599
375,35.9,20.4,81.4,0.43,527,No,Yes,Yes,Yes,4511
376,22.2,29.5,59.4,0.63,338,Yes,Yes,Yes,Yes,2710
377,18.2,74.8,11.4,5.38,0,No,Yes,Yes,No,NA
378,30.5,29.5,27.7,1.39,0,No,No,Yes,No,NA
379,14.7,75.1,14.1,21.27,0,No,No,No,No,NA
380,27.8,35.7,44.9,1.22,0,No,No,No,No,NA
381,9.7,80.2,8.2,24.18,0,No,No,No,No,NA
382,32.0,15.1,66.9,1.81,0,No,No,No,No,NA
383,24.5,74.5,6.9,15.02,0,No,No,No,No,NA
384,39.9,20.9,58.6,0.2,196,Yes,Yes,Yes,Yes,3486
385,32.1,10.4,68.8,0.16,382,No,No,Yes,Yes,2082
386,29.0,39.2,33.6,0.77,0,No,No,No,No,NA
387,16.1,72.4,6.5,18.96,0,No,No,No,No,NA
388,23.8,31.4,42.5,2.45,0,No,No,No,No,NA
389,19.8,67.2,27.2,9.93,104,No,No,Yes,Yes,12
390,20.7,39.1,59.9,2.08,0,No,No,No,No,NA
391,29.3,30.0,33.8,2.03,36,No,No,Yes,Yes,1865
392,20.1,66.7,17.4,4.98,0,No,No,No,No,NA
393,29.7,36.0,22.8,5.32,0,No,Yes,Yes,No,NA
394,29.1,25.0,52.6,1.96,0,Yes,Yes,Yes,No,NA
395,12.0,62.3,28.1,16.62,0,No,No,No,No,NA
396,13.5,81.4,11.8,33.89,0,No,No,No,No,NA
397,25.6,47.4,31.6,5.43,0,No,No,Yes,No,NA
398,5.0,78.9,17.7,33.0,0,No,No,No,No,NA
399,25.5,23.3,27.0,1.43,0,No,No,Yes,No,NA
400,6.6,91.3,9.3,33.86,0,No,No,No,No,NA
401,22.5,37.7,46.9,0.37,0,No,No,No,No,NA
402,29.5,22.7,45.0,2.12,728,No,No,Yes,Yes,2556
403,21.9,59.3,25.4,3.86,0,No,No,No,No,NA
404,25.0,42.7,49.3,7.37,0,No,No,No,No,NA
405,29.7,44.1,19.7,3.6,0,No,No,No,No,NA
406,41.0,21.0,68.8,0.74,412,Yes,Yes,Yes,Yes,5914
407,20.0,72.4,13.1,4.08,0,No,No,No,No,NA
408,29.3,34.2,52.0,3.58,0,No,No,No,No,NA
409,30.9,35.5,21.0,0.44,0,No,No,Yes,No,NA
410,24.8,72.1,8.7,3.12,0,No,No,No,No,NA
411,12.3,80.4,13.1,22.1,0,No,No,No,No,NA
412,15.9,72.8,33.9,18.31,0,No,Yes,Yes,No,NA
413,29.7,36.1,41.0,2.02,0,No,No,No,No,NA
414,38.0,33.2,68.2,1.3,0,No,No,Yes,No,NA
415,8.8,74.4,18.7,11.54,0,No,No,No,No,NA
416,22.4,30.6,30.6,0.48,0,No,Yes,Yes,No,NA
417,34.0,13.5,33.1,0.47,414,No,No,Yes,Yes,1580
418,25.3,54.1,33.2,6.4,128,No,Yes,Yes,Yes,600
419,32.8,25.1,81.8,1.0,1227,No,No,Yes,Yes,94
420,29.0,24.9,26.6,3.54,15,No,No,Yes,Yes,145
421,20.2,69.4,34.1,12.8,0,No,No,No,No,NA
422,9.2,72.1,6.9,39.01,0,No,No,No,No,NA
423,27.1,32.6,30.7,1.37,0,No,No,Yes,No,NA
424,29.1,43.8,49.9,0.46,0,Yes,Yes,Yes,No,NA
425,37.3,21.5,63.7,0.26,1017,No,No,Yes,Yes,1034
426,18.8,34.9,26.8,3.39,129,Yes,Yes,Yes,Yes,770
427,26.3,38.2,39.0,1.6,93,No,Yes,Yes,Yes,1632
428,29.6,35.2,45.6,1.56,206,No,Yes,Yes,Yes,731
429,22.1,53.1,44.8,1.57,267,No,No,Yes,Yes,193
430,43.1,23.9,89.7,0.23,718,Yes,Yes,Yes,Yes,1155
431,21.7,60.9,12.1,3.26,0,No,No,No,No,NA
432,26.2,41.1,35.4,4.74,0,No,No,No,No,NA
433,23.9,31.3,51.4,2.14,0,No,Yes,Yes,No,NA
434,28.8,44.3,27.6,2.79,0,No,No,Yes,No,NA
435,41.2,12.8,82.3,0.26,81,Yes,Yes,Yes,Yes,205
436,30.5,29.3,21.5,0.78,0,No,No,No,No,NA
437,18.7,60.6,24.3,15.2,0,No,No,No,No,NA
438,12.9,69.1,10.3,8.26,0,No,No,No,No,NA
439,22.6,58.5,9.0,12.19,0,No,No,No,No,NA
440,22.4,67.1,14.0,5.94,0,Yes,Yes,Yes,No,NA
441,11.7,89.8,12.8,37.13,0,No,No,No,No,NA
442,21.0,54.4,37.2,2.55,0,No,No,No,No,NA
443,20.1,33.1,39.6,2.61,0,No,No,No,No,NA
444,32.7,29.5,36.2,2.45,490,No,No,Yes,Yes,915
445,6.0,86.1,9.2,11.54,0,No,No,No,No,NA
446,31.6,28.3,36.5,0.23,0,No,Yes,Yes,No,NA
447,22.2,25.9,42.9,0.48,0,Yes,Yes,Yes,No,NA
448,42.0,20.3,74.3,0.97,773,No,No,Yes,Yes,7613
449,29.9,37.3,31.8,3.32,0,No,No,No,No,NA
450,21.2,67.8,9.2,14.34,0,No,No,No,No,NA
451,27.3,27.7,25.4,0.4,0,No,No,No,No,NA
452,31.1,37.1,27.1,2.7,0,No,No,No,No,NA
453,17.0,62.9,24.5,5.87,0,No,No,No,No,NA
454,27.7,32.4,21.7,1.59,268,No,No,Yes,Yes,834
455,19.2,22.7,44.1,0.93,0,No,No,Yes,No,NA
456,24.8,25.1,49.7,0.02,0,No,No,No,No,NA
457,29.2,38.8,32.6,1.09,136,No,No,Yes,Yes,646
458,42.9,17.9,62.2,0.55,1484,No,Yes,Yes,Yes,5116
459,30.1,42.1,46.4,2.24,166,No,No,Yes,Yes,266
460,18.1,77.1,11.6,11.56,0,No,No,No,No,NA
461,19.7,70.0,7.2,6.74,0,No,No,No,No,NA
462,32.2,33.0,46.2,0.86,0,No,No,Yes,No,NA
463,21.4,66.0,10.0,13.82,0,No,No,No,No,NA
464,42.2,16.7,71.9,0.31,422,No,Yes,Yes,Yes,3768
465,26.5,29.0,20.6,2.11,0,No,No,No,No,NA
466,21.2,68.7,38.9,9.08,0,No,No,No,No,NA
467,28.3,30.2,36.3,0.32,773,No,Yes,Yes,Yes,2703
468,21.0,28.9,40.1,1.93,376,No,Yes,Yes,Yes,1828
469,30.9,22.7,109.7,0.68,820,No,Yes,Yes,Yes,1694
470,29.0,35.0,37.1,1.11,735,Yes,Yes,Yes,Yes,755
471,11.5,75.0,19.7,35.55,0,No,No,No,No,NA
472,15.9,78.9,20.6,9.2,0,No,No,No,No,NA
473,35.4,30.3,61.7,0.08,1797,No,No,Yes,Yes,3609
474,30.2,30.3,60.4,0.8,0,No,Yes,Yes,No,NA
475,12.3,68.7,35.8,20.07,0,No,No,No,No,NA
476,16.6,77.2,10.4,7.64,0,No,No,No,No,NA
477,28.3,23.7,35.5,1.08,0,No,Yes,Yes,No,NA
478,29.7,32.4,54.2,0.84,104,No,Yes,Yes,Yes,397
479,31.4,28.9,52.0,2.22,0,Yes,Yes,Yes,No,NA
480,17.3,67.9,24.6,8.52,0,Yes,Yes,Yes,No,NA
481,15.6,81.9,17.6,20.74,0,No,No,No,No,NA
482,17.6,80.3,20.3,12.06,0,No,No,No,No,NA
483,20.4,31.5,51.0,0.7,0,No,No,Yes,No,NA
484,37.3,23.9,43.1,1.23,726,No,No,Yes,Yes,3764
485,24.9,37.0,27.9,0.65,80,Yes,Yes,Yes,Yes,421
486,27.5,45.4,30.8,1.75,0,Yes,Yes,Yes,No,NA
487,27.1,27.9,24.8,1.87,47,No,Yes,Yes,Yes,1232
488,31.5,37.7,35.5,0.49,20,No,No,Yes,Yes,400
489,28.6,44.3,45.5,7.51,0,No,No,Yes,No,NA
490,13.8,74.9,28.9,16.99,0,No,No,No,No,NA
491,15.1,68.7,26.2,20.7,0,No,No,No,No,NA
492,32.0,10.2,81.4,0.76,802,No,Yes,Yes,Yes,4836
493,30.8,36.9,51.9,1.64,705,No,No,Yes,Yes,940
494,24.4,26.6,45.0,1.55,0,No,No,No,No,NA
495,33.7,24.9,98.5,0.41,640,Yes,Yes,Yes,Yes,5504
496,9.2,73.8,24.4,5.77,0,No,No,No,No,NA
497,22.2,73.2,10.8,4.71,0,No,No,No,No,NA
498,40.2,20.0,72.3,0.7,750,No,Yes,Yes,Yes,758
499,16.9,76.0,25.4,16.91,0,No,No,No,No,NA
500,10.0,94.4,9.9,39.81,0,No,No,No,No,NA
501,30.2,39.6,43.6,1.36,159,No,Yes,Yes,Yes,169
502,32.6,27.8,101.8,0.22,119,No,No,Yes,Yes,1427
503,5.1,71.0,20.7,21.63,0,No,No,No,No,NA
504,27.5,30.0,54.3,0.68,0,No,No,No,No,NA
505,32.8,19.0,72.1,0.4,1025,No,Yes,Yes,Yes,5994
506,5.3,79.4,19.5,13.77,0,No,No,No,No,NA
507,14.9,77.4,15.7,7.11,0,No,No,No,No,NA
508,41.3,22.0,101.6,0.16,1946,No,Yes,Yes,Yes,5093
509,23.8,70.5,14.1,13.16,0,No,No,Yes,No,NA
510,24.1,38.7,50.6,0.46,46,Yes,Yes,Yes,Yes,269
511,23.7,60.1,17.1,3.78,0,No,No,No,No,NA
512,34.3,29.0,50.2,0.73,131,No,Yes,Yes,Yes,777
513,36.7,20.6,83.4,0.41,239,No,Yes,Yes,Yes,5009
514,17.5,72.4,19.5,23.61,0,No,No,No,No,NA
515,12.4,93.7,16.2,24.53,0,No,No,No,No,NA
516,22.3,29.2,51.6,3.53,545,No,Yes,Yes,Yes,495
517,29.0,46.0,49.9,6.84,0,No,No,No,No,NA
518,26.1,46.3,22.5,6.24,0,No,No,Yes,No,NA
519,39.5,15.0,41.4,0.57,142,No,Yes,Yes,Yes,71
520,41.9,20.2,84.2,0.57,273,Yes,Yes,Yes,Yes,3356
521,31.2,18.0,105.1,0.73,1618,No,No,Yes,Yes,1998
522,31.0,26.0,56.5,1.15,709,No,Yes,Yes,Yes,1901
523,14.7,91.2,23.6,27.19,0,No,No,No,No,NA
524,12.4,73.5,14.5,14.05,0,No,No,Yes,No,NA
525,32.7,40.1,43.0,0.27,452,No,No,Yes,Yes,310
526,16.0,62.1,25.1,20.02,0,No,No,No,No,NA
527,14.0,69.9,27.1,15.35,0,No,No,No,No,NA
528,5.9,89.4,11.5,37.34,0,No,No,No,No,NA
529,26.0,28.8,33.8,1.97,0,No,Yes,Yes,No,NA
530,35.5,23.8,77.0,0.47,476,No,Yes,Yes,Yes,728
531,23.7,75.5,5.3,14.49,0,No,No,No,No,NA
532,36.3,20.6,42.7,0.27,469,No,Yes,Yes,Yes,4567
533,12.4,64.3,18.5,20.36,0,No,No,Yes,No,NA
534,32.9,19.2,69.8,0.46,1400,Yes,Yes,Yes,Yes,4293
535,34.0,29.7,49.9,0.18,66,No,No,Yes,Yes,2551
536,34.3,17.9,59.4,0.35,1031,No,No,Yes,Yes,1909
537,41.4,27.8,98.9,0.03,150,Yes,Yes,Yes,Yes,9555
538,28.5,33.7,41.7,2.29,0,No,No,Yes,No,NA
539,34.5,19.1,45.5,1.08,0,No,No,No,No,NA
540,39.0,28.0,104.6,0.43,47,No,No,Yes,Yes,6309
541,21.5,63.0,19.5,22.35,0,No,No,No,No,NA
542,32.6,31.1,49.8,2.47,0,No,No,No,No,NA
543,22.8,57.7,9.6,15.72,0,No,No,No,No,NA
544,25.3,31.9,34.2,0.1,271,No,No,Yes,Yes,347
545,23.5,67.3,8.4,5.48,29,No,No,Yes,Yes,10
546,14.9,71.7,23.5,39.5,0,No,No,No,No,NA
547,28.7,52.8,30.0,6.32,0,No,No,No,No,NA
548,23.9,53.8,35.0,4.52,0,No,No,No,No,NA
549,38.8,15.7,79.6,0.02,0,No,Yes,Yes,No,NA
550,15.9,79.1,38.9,7.18,0,No,No,No,No,NA
551,36.0,18.4,86.8,0.05,340,No,Yes,Yes,Yes,4445
552,13.4,70.3,23.5,6.94,0,No,No,No,No,NA
553,16.5,72.3,11.5,27.7,0,No,No,No,No,NA
554,25.9,34.1,51.7,0.17,0,No,No,No,No,NA
555,18.1,64.0,26.5,3.97,0,No,No,No,No,NA
556,16.6,58.6,24.2,2.92,0,No,No,No,No,NA
557,31.5,18.6,75.9,1.92,1187,No,No,Yes,Yes,95
558,28.6,24.8,48.6,1.9,0,No,No,Yes,No,NA
559,16.5,77.0,17.6,33.7,0,No,No,No,No,NA
560,40.5,8.6,81.2,0.33,545,No,Yes,Yes,Yes,434
561,25.9,34.0,47.9,2.25,0,No,No,No,No,NA
562,29.3,36.9,25.5,3.26,0,No,Yes,Yes,No,NA
563,36.1,12.4,101.6,0.33,2521,Yes,Yes,Yes,Yes,656
564,29.8,33.8,66.7,1.97,701,No,No,Yes,Yes,1312
565,21.1,67.4,23.2,10.96,0,No,No,No,No,NA
566,14.2,94.5,5.0,5.84,0,No,No,No,No,NA
567,15.4,95.0,13.3,16.68,0,No,No,No,No,NA
568,40.3,19.7,45.3,0.03,500,No,Yes,Yes,Yes,417
569,42.8,11.3,80.0,0.46,1833,Yes,Yes,Yes,Yes,752
570,24.6,51.3,47.5,0.92,0,No,No,No,No,NA
571,25.6,35.4,35.2,2.99,0,No,No,No,No,NA
572,34.7,25.6,21.6,1.97,0,No,No,No,No,NA
573,25.3,23.7,29.7,3.13,66,No,No,Yes,Yes,896
574,24.5,54.0,22.6,2.77,4,No,No,Yes,Yes,899
575,38.9,18.1,53.6,0.97,0,No,Yes,Yes,No,NA
576,33.2,38.8,53.8,0.27,0,No,No,Yes,No,NA
577,13.2,67.8,11.3,21.66,0,No,No,No,No,NA
578,33.3,21.0,74.7,0.01,454,No,No,Yes,Yes,813
579,36.1,20.5,46.3,0.23,0,No,Yes,Yes,No,NA
580,15.2,63.5,31.1,9.23,0,No,No,Yes,No,NA
581,25.4,36.0,16.0,7.27,221,Yes,Yes,Yes,Yes,387
582,35.4,21.2,72.7,1.43,329,No,Yes,Yes,Yes,4459
583,29.2,21.2,65.8,1.53,215,No,No,Yes,Yes,996
584,22.0,71.6,24.7,17.88,0,No,Yes,Yes,No,NA
585,38.1,20.6,53.9,1.15,52,No,Yes,Yes,Yes,583
586,32.8,23.3,64.8,1.1,0,No,Yes,Yes,No,NA
587,23.2,39.6,47.7,1.37,0,No,No,Yes,No,NA
588,28.0,22.3,48.8,1.3,657,Yes,Yes,Yes,Yes,1468
589,25.6,37.9,22.5,0.65,162,No,Yes,Yes,Yes,1149
590,35.1,21.6,61.7,0.68,1098,No,Yes,Yes,Yes,2423
591,29.9,46.7,36.4,4.33,0,No,No,No,No,NA
592,36.8,17.3,33.2,0.35,423,No,Yes,Yes,Yes,1809
593,27.1,43.1,30.2,2.08,84,No,Yes,Yes,Yes,991
594,16.3,56.8,5.4,14.98,0,No,No,No,No,NA
595,15.8,71.1,15.4,10.21,0,No,No,No,No,NA
596,28.9,34.1,37.0,2.46,555,No,Yes,Yes,Yes,24
597,35.3,20.9,72.0,0.98,298,No,No,Yes,Yes,696
598,21.8,84.6,33.4,13.23,0,No,No,No,No,NA
599,27.5,32.6,53.2,1.34,0,No,No,No,No,NA
600,21.7,21.1,38.7,3.11,0,No,No,No,No,NA
601,34.9,21.6,54.1,1.96,458,No,Yes,Yes,Yes,2056
602,34.9,26.5,66.3,0.58,0,Yes,Yes,Yes,No,NA
603,33.5,25.6,26.6,0.56,0,Yes,Yes,Yes,No,NA
604,26.9,33.2,39.8,0.7,0,No,Yes,Yes,No,NA
605,36.5,9.4,38.7,0.47,544,No,Yes,Yes,Yes,2050
606,12.5,91.0,6.1,14.25,0,No,No,No,No,NA
607,32.8,21.0,69.8,1.5,28,No,Yes,Yes,Yes,1500
608,32.6,21.3,61.2,1.91,422,No,Yes,Yes,Yes,4553
609,33.5,12.0,89.3,0.39,262,No,No,Yes,Yes,6491
610,18.1,55.3,5.2,3.22,0,No,No,No,No,NA
611,32.2,29.5,50.1,0.07,125,No,Yes,Yes,Yes,2035
612,25.9,32.1,38.8,1.53,0,No,No,No,No,NA
613,24.0,72.4,11.3,10.41,0,No,No,No,No,NA
614,40.0,23.8,90.1,0.77,1610,No,No,Yes,Yes,1107
615,42.4,15.3,76.4,0.49,459,No,No,Yes,Yes,1497
616,13.0,72.7,13.8,14.06,0,No,No,No,No,NA
617,40.1,10.4,79.9,0.65,6,No,Yes,Yes,Yes,1074
618,33.7,23.1,69.1,1.62,176,No,Yes,Yes,Yes,5005
619,23.3,41.1,16.9,7.98,0,No,No,No,No,NA
620,20.8,44.2,41.8,5.36,415,No,Yes,Yes,Yes,352
621,24.9,52.7,30.3,1.92,275,No,Yes,Yes,Yes,226
622,34.4,31.7,58.0,1.99,1112,No,Yes,Yes,Yes,104
623,39.3,32.4,61.5,1.48,1388,No,Yes,Yes,Yes,1028
624,14.1,73.3,8.4,6.75,0,No,No,No,No,NA
625,35.3,31.7,42.6,1.63,438,No,Yes,Yes,Yes,134
626,25.6,44.5,43.0,0.41,0,No,No,No,No,NA
627,39.7,13.7,37.2,0.07,72,No,No,Yes,Yes,1986
628,32.9,32.6,38.8,0.32,0,No,Yes,Yes,No,NA
629,28.6,28.3,57.3,3.09,0,No,No,Yes,No,NA
630,16.5,66.0,15.2,18.22,0,No,No,No,No,NA
631,29.4,32.5,56.3,1.39,466,Yes,Yes,Yes,Yes,927
632,17.1,71.6,28.8,7.58,0,No,No,No,No,NA
633,21.9,79.2,16.9,5.17,0,No,No,Yes,No,NA
634,32.7,15.0,87.0,0.89,54,Yes,Yes,Yes,Yes,2330
635,34.0,34.4,49.6,0.65,53,No,No,Yes,Yes,1469
636,31.6,32.5,28.8,1.41,0,No,No,No,No,NA
637,17.2,70.2,9.5,8.72,0,No,No,No,No,NA
638,29.8,39.0,19.5,5.69,163,No,Yes,Yes,Yes,299
639,19.9,35.9,63.1,3.62,0,No,No,No,No,NA
640,6.1,91.4,14.8,39.85,0,No,No,No,No,NA
641,30.2,18.6,102.4,0.25,1431,No,Yes,Yes,Yes,10804
642,32.5,16.0,76.1,0.02,422,No,Yes,Yes,Yes,4879
643,41.0,14.9,43.1,0.18,169,No,No,Yes,Yes,109
644,27.0,20.5,43.2,3.09,0,No,No,No,No,NA
645,26.3,49.1,15.0,5.2,0,No,No,No,No,NA
646,12.3,70.6,18.1,23.81,0,No,No,No,No,NA
647,31.2,26.7,66.6,1.03,0,No,Yes,Yes,No,NA
648,35.4,22.3,47.0,1.12,53,No,No,Yes,Yes,1285
649,36.8,30.0,74.8,1.41,0,No,No,No,No,NA
650,23.5,40.3,38.8,2.58,397,No,Yes,Yes,Yes,477
651,21.0,71.3,21.0,17.81,0,No,No,No,No,NA
652,26.9,37.7,24.4,0.78,10,No,No,Yes,Yes,59
653,23.7,68.0,20.7,7.28,0,No,No,No,No,NA
654,19.7,65.5,23.4,2.39,0,No,No,Yes,No,NA
655,18.4,70.3,20.3,17.21,0,No,No,No,No,NA
656,20.4,71.1,19.1,5.9,0,No,No,No,No,NA
657,32.9,17.4,67.3,0.85,270,No,Yes,Yes,Yes,2038
658,23.4,72.3,21.7,4.76,0,Yes,Yes,Yes,No,NA
659,34.8,14.1,92.4,0.67,0,No,Yes,Yes,No,NA
660,15.0,83.0,22.1,13.99,0,No,No,No,No,NA
661,21.6,54.4,34.1,4.31,0,No,No,No,No,NA
662,42.6,25.1,109.6,0.67,285,No,No,Yes,Yes,7884
663,33.8,17.4,48.5,0.2,265,Yes,Yes,Yes,Yes,283
664,32.5,11.7,101.0,0.68,1355,No,No,Yes,Yes,3446
665,43.8,14.1,38.9,0.43,169,Yes,Yes,Yes,Yes,2470
666,36.9,23.3,57.7,0.33,0,No,No,No,No,NA
667,23.5,36.7,23.4,0.62,0,No,No,No,No,NA
668,20.7,54.2,41.5,1.16,0,No,No,No,No,NA
669,23.9,34.2,42.7,2.74,252,No,No,Yes,Yes,588
670,21.6,31.2,43.5,0.11,571,No,Yes,Yes,Yes,1581
671,24.0,43.1,45.8,0.09,0,No,No,No,No,NA
672,31.0,27.2,44.0,0.87,411,No,No,Yes,Yes,4051
673,43.0,10.8,33.5,0.16,632,Yes,Yes,Yes,Yes,969
674,33.8,22.8,54.6,0.19,220,No,No,Yes,Yes,1556
675,33.5,24.0,71.8,0.53,1050,Yes,Yes,Yes,Yes,2102
676,16.0,58.9,10.5,5.39,0,No,No,No,No,NA
677,20.5,77.8,31.1,20.66,0,No,No,No,No,NA
678,33.2,38.5,44.0,0.62,355,No,No,Yes,Yes,2707
679,30.4,26.3,63.3,0.86,1163,Yes,Yes,Yes,Yes,284
680,25.2,29.7,41.6,0.39,43,No,No,Yes,Yes,1279
681,38.7,25.1,96.9,0.92,326,No,No,Yes,Yes,1316
682,42.3,17.0,59.6,0.5,9,No,Yes,Yes,Yes,713
683,17.5,74.3,20.1,5.15,0,No,No,No,No,NA
684,20.5,71.9,30.9,7.07,0,No,No,No,No,NA
685,29.8,43.5,33.0,3.56,0,No,No,No,No,NA
686,29.3,17.7,70.5,1.41,482,Yes,Yes,Yes,Yes,455
687,30.7,23.1,79.4,0.86,0,No,No,No,No,NA
688,39.3,22.3,40.5,1.35,514,No,Yes,Yes,Yes,1379
689,32.4,37.8,28.4,0.73,183,No,Yes,Yes,Yes,479
690,25.1,35.1,57.0,3.77,106,No,No,Yes,Yes,4238
691,29.3,20.0,59.9,1.26,791,Yes,Yes,Yes,Yes,372
692,21.5,47.4,18.4,1.07,0,No,No,No,No,NA
693,30.4,28.2,59.6,0.52,26,No,No,Yes,Yes,3336
694,28.8,26.3,38.8,0.92,82,No,Yes,Yes,Yes,952
695,27.4,27.2,47.0,1.98,0,No,No,No,No,NA
696,34.7,18.1,42.2,0.53,65,No,Yes,Yes,Yes,2067
697,23.4,63.7,23.6,2.48,0,No,No,No,No,NA
698,29.3,39.8,40.6,0.11,107,Yes,Yes,Yes,Yes,236
699,15.2,63.2,16.5,17.54,0,No,No,No,No,NA
700,30.3,19.4,51.3,0.32,194,Yes,Yes,Yes,Yes,2288
701,21.7,41.0,48.9,2.01,0,No,No,No,No,NA
702,33.4,30.7,34.4,0.1,0,No,Yes,Yes,No,NA
703,32.2,31.6,49.6,0.55,0,No,No,No,No,NA
704,24.3,40.9,46.1,0.91,0,No,No,No,No,NA
705,15.1,70.4,17.5,14.34,0,No,No,No,No,NA
706,40.2,16.8,41.2,0.25,1077,No,No,Yes,Yes,2827
707,32.3,39.5,22.4,0.6,0,No,No,Yes,No,NA
708,41.0,18.2,101.6,0.91,569,No,No,Yes,Yes,2075
709,10.3,72.8,8.8,13.6,0,No,No,No,No,NA
710,21.9,70.6,37.2,7.44,0,No,No,Yes,No,NA
711,38.6,13.5,101.2,0.96,3998,No,Yes,Yes,Yes,1008
712,31.9,38.4,55.4,1.19,0,No,No,No,No,NA
713,6.5,88.4,23.7,23.27,0,No,No,No,No,NA
714,14.5,82.1,17.1,5.69,0,No,No,No,No,NA
715,26.8,36.1,54.8,3.74,68,Yes,Yes,Yes,Yes,702
716,15.7,83.7,19.5,12.32,0,No,No,No,No,NA
717,18.6,72.9,25.5,2.38,0,No,No,No,No,NA
718,41.0,21.4,44.4,0.28,229,No,No,Yes,Yes,2178
719,32.7,33.2,55.7,1.96,1503,No,Yes,Yes,Yes,574
720,28.8,50.3,29.2,0.75,0,No,No,No,No,NA
721,33.7,23.3,73.6,1.43,0,No,No,No,No,NA
722,22.0,67.7,13.8,12.84,0,No,No,No,No,NA
723,36.3,30.2,65.7,0.37,443,No,No,Yes,Yes,23
724,26.6,30.3,68.5,1.66,0,No,No,No,No,NA
725,30.7,31.4,39.1,2.21,102,No,No,Yes,Yes,2807
726,18.9,64.4,25.9,12.27,0,No,Yes,Yes,No,NA
727,16.8,94.4,9.0,29.54,0,No,No,No,No,NA
728,28.6,28.0,58.3,0.51,0,No,Yes,Yes,No,NA
729,37.9,24.9,49.0,0.41,0,No,No,No,No,NA
730,33.7,19.9,57.8,0.86,404,No,No,Yes,Yes,1639
731,15.3,79.4,10.9,10.12,0,No,No,No,No,NA
732,29.0,24.4,74.9,1.95,101,No,Yes,Yes,Yes,2365
733,36.3,12.0,84.5,0.5,47,No,No,Yes,Yes,6368
734,22.6,39.6,51.9,0.53,0,Yes,Yes,Yes,No,NA
735,39.2,32.6,45.3,0.63,1319,Yes,Yes,Yes,Yes,96
736,29.3,40.7,45.7,5.1,0,No,Yes,Yes,No,NA
737,27.4,44.8,48.3,4.67,0,No,No,No,No,NA
738,28.6,18.0,49.2,0.07,66,No,No,Yes,Yes,2445
739,29.9,46.2,31.0,1.34,0,Yes,Yes,Yes,No,NA
740,32.3,13.4,80.5,0.27,810,No,Yes,Yes,Yes,6837
741,27.5,30.0,24.7,0.66,71,No,No,Yes,Yes,153
742,21.5,36.6,44.1,5.45,0,No,No,No,No,NA
743,25.9,26.6,26.8,2.49,0,No,No,No,No,NA
744,19.6,37.3,57.1,1.13,0,No,No,No,No,NA
745,21.5,69.5,22.0,6.92,0,No,No,No,No,NA
746,25.2,24.2,39.4,0.8,0,No,No,No,No,NA
747,16.2,67.3,15.8,16.51,0,No,No,No,No,NA
748,18.6,57.4,14.2,5.6,0,No,No,No,No,NA
749,37.3,18.5,95.4,0.81,456,No,Yes,Yes,Yes,316
750,24.3,68.2,21.2,3.51,0,No,No,Yes,No,NA
751,31.9,12.6,104.2,0.84,201,Yes,Yes,Yes,Yes,321
752,29.6,34.4,60.6,0.71,0,No,No,No,No,NA
753,33.5,19.2,40.8,0.09,510,No,Yes,Yes,Yes,1111
754,27.7,26.8,61.7,3.24,14,No,Yes,Yes,Yes,1201
755,23.3,28.4,39.1,2.08,0,No,No,No,No,NA
756,26.7,26.1,57.5,2.47,0,No,No,No,No,NA
757,30.9,26.8,25.4,0.57,0,No,No,No,No,NA
758,16.2,75.2,18.0,27.74,0,No,No,No,No,NA
759,13.9,67.5,23.9,13.43,0,No,No,No,No,NA
760,22.4,66.1,17.1,2.35,0,No,No,No,No,NA
761,37.4,26.7,53.1,0.01,968,No,No,Yes,Yes,6128
762,22.0,60.9,22.0,14.29,0,No,No,No,No,NA
763,30.8,16.2,40.8,1.15,642,No,Yes,Yes,Yes,1533
764,36.4,15.4,51.5,0.38,1218,Yes,Yes,Yes,Yes,3527
765,29.6,20.9,68.5,1.92,0,No,No,No,No,NA
766,28.0,51.0,44.6,5.16,112,No,No,Yes,Yes,687
767,32.9,38.9,44.7,0.47,0,No,No,No,No,NA
768,28.8,42.1,20.6,6.71,0,No,Yes,Yes,No,NA
769,20.7,31.2,44.5,3.97,0,No,No,No,No,NA
770,14.7,63.8,30.7,14.34,0,No,No,No,No,NA
771,37.6,34.3,70.2,1.95,0,No,No,No,No,NA
772,33.2,20.8,25.3,1.26,0,No,No,No,No,NA
773,22.3,72.7,24.0,10.97,0,No,No,No,No,NA
774,23.3,37.8,44.7,3.79,0,No,No,No,No,NA
775,15.9,81.8,10.7,10.99,0,No,No,No,No,NA
776,26.0,38.3,26.1,2.26,248,No,Yes,Yes,Yes,470
777,29.4,43.9,42.0,5.88,0,No,Yes,Yes,No,NA
778,19.3,64.8,5.9,18.61,0,No,No,No,No,NA
779,21.7,70.5,36.6,18.42,0,No,No,No,No,NA
780,29.1,35.2,24.8,4.46,0,No,No,No,No,NA
781,35.7,32.8,65.0,1.24,175,No,Yes,Yes,Yes,4087
782,15.3,78.1,32.2,5.77,0,No,No,No,No,NA
783,30.1,26.2,37.0,1.27,315,No,No,Yes,Yes,958
784,32.9,27.2,22.4,1.12,0,No,Yes,Yes,No,NA
785,29.5,31.4,20.3,0.68,388,No,No,Yes,Yes,913
786,20.8,26.0,51.7,3.26,0,No,Yes,Yes,No,NA
787,28.3,31.6,61.1,0.72,99,No,No,Yes,Yes,1480
788,30.6,16.6,67.1,0.81,1645,No,No,Yes,Yes,4985
789,36.8,23.3,46.5,1.01,628,No,Yes,Yes,Yes,2120
790,41.7,24.0,52.2,0.48,142,Yes,Yes,Yes,Yes,1289
791,23.0,44.7,42.7,1.57,0,No,No,Yes,No,NA
792,32.8,26.4,79.3,0.12,1477,No,No,Yes,Yes,2650
793,27.2,39.4,44.2,2.29,0,No,No,No,No,NA
794,36.0,18.0,69.1,0.18,48,No,No,Yes,Yes,3566
795,36.8,27.9,74.6,1.41,207,No,No,Yes,Yes,4561
796,17.4,83.5,20.2,38.51,0,No,No,No,No,NA
797,21.0,63.0,38.1,6.95,176,No,No,Yes,Yes,277
798,18.1,70.0,11.3,21.96,0,No,No,No,No,NA
799,22.3,35.6,35.3,0.27,0,No,No,No,No,NA
800,31.9,15.1,55.4,0.31,51,No,Yes,Yes,Yes,645
801,21.4,52.9,24.0,7.56,0,No,Yes,Yes,No,NA
802,11.4,88.8,12.7,9.03,0,No,No,No,No,NA
803,22.7,25.6,45.3,2.74,94,No,Yes,Yes,Yes,321
804,22.9,21.7,50.4,0.81,0,No,No,No,No,NA
805,22.8,68.4,15.6,18.41,0,No,Yes,Yes,No,NA
806,38.5,13.3,53.6,0.92,484,No,Yes,Yes,Yes,7643
807,30.6,24.8,83.8,0.3,770,Yes,Yes,Yes,Yes,2399
808,28.8,53.9,37.2,7.85,0,No,No,No,No,NA
809,23.4,44.2,36.0,0.62,0,No,No,No,No,NA
810,39.9,8.1,30.6,0.09,120,No,No,Yes,Yes,1455
811,30.4,37.9,60.8,0.89,564,No,No,Yes,Yes,1478
812,33.6,14.3,41.6,0.0,283,No,No,Yes,Yes,3096
813,40.5,14.4,108.8,0.97,3591,No,Yes,Yes,Yes,2837
814,33.7,31.4,44.7,1.1,0,No,No,No,No,NA
815,24.8,21.3,30.1,0.26,115,Yes,Yes,Yes,Yes,1251
816,18.1,77.0,36.5,3.04,0,No,No,No,No,NA
817,43.1,13.5,80.7,0.2,154,No,Yes,Yes,Yes,2140
818,27.9,31.3,35.7,1.0,0,No,No,No,No,NA
819,17.7,80.6,6.5,13.75,0,No,No,No,No,NA
820,25.3,28.6,21.2,1.59,0,No,No,No,No,NA
821,6.4,76.0,11.8,6.91,0,No,No,No,No,NA
822,32.8,32.4,58.2,1.25,0,Yes,Yes,Yes,No,NA
823,28.9,48.9,42.4,0.97,0,No,No,Yes,No,NA
824,22.7,38.6,42.4,0.88,6,No,Yes,Yes,Yes,473
825,27.1,33.6,44.8,0.3,0,No,No,No,No,NA
826,37.9,13.6,41.5,0.05,336,No,Yes,Yes,Yes,882
827,27.3,37.4,27.4,0.41,148,No,Yes,Yes,Yes,864
828,19.8,63.7,19.3,10.54,0,No,Yes,Yes,No,NA
829,35.1,21.9,63.6,0.03,34,No,No,Yes,Yes,2176
830,36.3,34.6,64.0,0.66,169,No,No,Yes,Yes,2566
831,38.4,23.6,68.3,0.35,921,No,Yes,Yes,Yes,6435
832,24.0,44.8,34.5,0.22,23,Yes,Yes,Yes,Yes,302
833,34.6,12.8,43.1,0.13,90,No,No,Yes,Yes,623
834,25.2,33.5,38.9,1.57,528,No,No,Yes,Yes,418
835,21.8,84.9,36.4,22.32,0,No,No,No,No,NA
836,22.9,59.8,14.5,8.74,0,No,No,No,No,NA
837,17.0,89.1,16.7,34.91,0,No,No,No,No,NA
838,5.7,89.9,22.5,34.8,0,No,No,No,No,NA
839,14.5,89.6,20.8,26.52,0,No,No,No,No,NA
840,15.7,73.0,15.4,18.67,0,No,No,No,No,NA
841,33.7,26.6,65.5,1.58,228,No,Yes,Yes,Yes,1519
842,28.3,43.7,35.0,1.65,244,No,Yes,Yes,Yes,658
843,27.0,33.7,34.7,1.49,249,No,Yes,Yes,Yes,248
844,17.1,76.1,33.6,23.39,0,Yes,Yes,Yes,No,NA
845,13.8,76.3,19.9,31.9,0,No,No,No,No,NA
846,30.0,40.0,55.1,2.96,0,No,Yes,Yes,No,NA
847,32.4,41.4,50.3,0.04,0,No,No,No,No,NA
848,23.7,60.7,23.1,5.78,0,No,No,No,No,NA
849,19.6,78.1,23.8,20.42,0,No,No,No,No,NA
850,24.3,34.0,42.3,1.12,0,No,No,Yes,No,NA
851,38.5,19.2,51.3,0.11,425,No,No,Yes,Yes,4538
852,27.4,38.4,31.1,3.81,675,No,No,Yes,Yes,1086
853,17.3,71.6,12.7,21.62,0,No,No,No,No,NA
854,31.2,12.1,83.2,0.03,228,Yes,Yes,Yes,Yes,789
855,12.7,61.4,25.6,6.78,0,No,No,No,No,NA
856,24.9,58.2,15.5,15.38,0,No,No,No,No,NA
857,6.7,75.1,13.6,29.84,0,No,No,No,No,NA
858,37.6,20.0,91.1,0.28,1987,Yes,Yes,Yes,Yes,4567
859,33.5,26.5,69.5,0.58,0,No,No,Yes,No,NA
860,35.1,26.5,101.0,0.42,1817,No,No,Yes,Yes,2955
861,28.9,38.9,32.0,1.74,431,No,No,Yes,Yes,757
862,16.8,80.3,20.2,9.24,0,No,No,No,No,NA
863,19.7,68.2,23.5,8.56,0,No,No,No,No,NA
864,31.4,33.5,43.1,0.69,124,Yes,Yes,Yes,Yes,865
865,33.8,16.4,61.9,0.48,0,No,No,Yes,No,NA
866,16.7,55.5,7.5,7.29,0,No,No,No,No,NA
867,31.7,20.2,33.7,0.88,27,No,No,Yes,Yes,2396
868,18.4,77.9,36.9,11.59,0,No,Yes,Yes,No,NA
869,17.1,79.4,9.8,8.2,0,No,No,No,No,NA
870,28.2,48.6,17.2,7.69,8,No,No,Yes,Yes,637
871,23.2,47.5,36.9,7.51,0,No,No,No,No,NA
872,7.8,78.9,8.5,19.07,0,No,No,No,No,NA
873,30.6,28.2,51.1,1.25,841,No,No,Yes,Yes,1858
874,19.9,83.1,27.1,8.54,0,No,No,No,No,NA
875,29.5,44.4,47.7,1.0,0,No,No,No,No,NA
876,29.8,48.3,17.4,0.63,0,No,No,No,No,NA
877,18.4,65.8,27.6,24.74,0,No,No,No,No,NA
878,28.1,34.8,57.9,1.24,56,Yes,Yes,Yes,Yes,321
879,29.9,28.9,60.1,0.54,652,No,No,Yes,Yes,227
880,35.0,20.5,50.6,0.1,330,No,No,Yes,Yes,5742
881,27.7,28.7,45.2,0.19,0,No,No,No,No,NA
882,40.2,10.4,42.3,0.05,130,No,No,Yes,Yes,2941
883,32.1,14.0,75.4,0.61,1443,No,Yes,Yes,Yes,1852
884,24.0,38.4,30.4,4.29,0,No,No,No,No,NA
885,28.2,22.6,74.2,1.52,0,No,No,No,No,NA
886,20.5,59.4,14.5,7.51,0,No,No,No,No,NA
887,28.9,17.7,58.8,0.31,1844,No,Yes,Yes,Yes,3047
888,23.8,41.2,49.6,1.03,0,No,No,No,No,NA
889,28.8,31.3,29.7,0.87,299,No,No,Yes,Yes,1303
890,40.5,23.8,74.1,0.12,1559,No,No,Yes,Yes,5310
891,37.9,28.9,58.8,0.25,157,No,No,Yes,Yes,427
892,26.4,36.7,56.0,1.56,903,No,Yes,Yes,Yes,553
893,28.4,39.7,50.1,2.77,0,No,Yes,Yes,No,NA
894,17.7,60.2,23.7,14.58,44,No,Yes,Yes,Yes,67
895,39.5,13.4,72.5,0.7,41,No,Yes,Yes,Yes,4688
896,23.1,59.8,29.6,17.69,0,No,No,No,No,NA
897,33.7,23.3,34.7,0.76,8,No,Yes,Yes,Yes,1575
898,40.6,21.4,32.5,0.11,577,No,Yes,Yes,Yes,2174
899,23.2,27.4,60.6,4.0,0,No,No,No,No,NA
900,26.2,26.1,34.2,0.99,83,No,Yes,Yes,Yes,2136
901,14.8,77.5,34.5,11.11,0,No,No,No,No,NA
902,34.2,28.2,40.1,1.28,0,No,No,Yes,No,NA
903,44.6,20.5,70.7,0.12,3358,No,No,Yes,Yes,4938
904,39.8,32.1,76.2,1.47,1349,Yes,Yes,Yes,Yes,3538
905,20.0,57.2,25.8,19.93,0,No,No,No,No,NA
906,39.5,24.6,61.6,0.49,80,No,No,Yes,Yes,2052
907,29.0,50.3,22.7,2.43,0,No,No,No,No,NA
908,31.7,38.5,51.7,0.98,0,No,Yes,Yes,No,NA
909,18.8,26.9,61.4,2.97,0,No,No,No,No,NA
910,21.7,70.9,17.0,8.7,0,No,No,No,No,NA
911,27.4,53.7,41.1,1.37,0,No,No,No,No,NA
912,28.3,25.0,22.5,1.61,0,No,No,No,No,NA
913,27.7,51.0,47.7,1.45,0,No,No,No,No,NA
914,29.0,30.8,43.0,0.29,0,No,No,No,No,NA
915,36.2,17.9,51.3,1.49,0,No,No,No,No,NA
916,39.8,13.3,89.4,0.06,0,No,Yes,Yes,No,NA
917,31.5,34.3,42.4,1.62,220,No,No,Yes,Yes,3433
918,23.6,73.2,12.5,16.67,0,No,No,No,No,NA
919,39.1,13.7,70.7,0.5,603,No,Yes,Yes,Yes,2555
920,23.1,31.5,51.7,2.6,316,No,No,Yes,Yes,902
921,31.5,17.9,48.7,1.5,278,No,Yes,Yes,Yes,2675
922,29.5,28.4,22.3,1.07,0,No,No,No,No,NA
923,34.8,33.0,49.7,1.94,0,Yes,Yes,Yes,No,NA
924,31.6,26.9,46.9,1.49,0,No,No,No,No,NA
925,32.8,37.3,52.5,0.55,0,Yes,Yes,Yes,No,NA
926,35.7,33.2,49.0,1.17,0,No,No,Yes,No,NA
927,32.9,23.6,44.2,1.29,247,Yes,Yes,Yes,Yes,338
928,37.1,21.9,77.0,0.27,1659,No,No,Yes,Yes,5056
929,17.6,92.4,8.6,25.97,0,No,No,No,No,NA
930,21.2,37.6,22.2,1.71,0,No,No,No,No,NA
931,33.1,10.1,47.9,0.48,94,No,No,Yes,Yes,1988
932,38.6,18.9,84.6,0.7,83,No,No,Yes,Yes,2978
933,35.1,11.2,48.0,0.42,0,No,Yes,Yes,No,NA
934,22.3,65.6,18.7,6.69,0,No,No,No,No,NA
935,29.0,20.1,57.0,1.39,143,No,Yes,Yes,Yes,4924
936,18.0,70.5,14.6,24.83,0,No,No,Yes,No,NA
937,27.7,30.6,54.2,0.81,344,No,Yes,Yes,Yes,1415
938,28.8,39.4,38.9,0.21,0,No,No,Yes,No,NA
939,37.7,26.1,55.7,0.35,562,Yes,Yes,Yes,Yes,221
940,18.5,73.5,29.2,11.57,0,No,No,No,No,NA
941,35.1,20.2,67.5,1.43,0,Yes,Yes,Yes,No,NA
942,27.1,40.0,36.3,5.8,105,No,No,Yes,Yes,1433
943,9.0,91.4,23.9,19.23,0,No,No,No,No,NA
944,25.8,24.8,24.7,1.15,466,No,Yes,Yes,Yes,485
945,19.8,67.9,29.9,17.99,0,No,No,No,No,NA
946,20.3,36.6,25.3,1.7,0,No,No,Yes,No,NA
947,18.8,61.1,23.5,6.71,0,No,No,No,No,NA
948,7.3,79.2,7.7,17.37,0,No,No,No,No,NA
949,18.7,57.8,27.9,6.5,0,No,No,No,No,NA
950,27.9,29.7,33.2,0.0,454,No,Yes,Yes,Yes,2844
951,38.7,32.0,42.3,0.01,6,Yes,Yes,Yes,Yes,1506
952,27.4,26.7,40.6,0.46,146,Yes,Yes,Yes,Yes,1091
953,31.8,35.7,30.8,2.97,0,No,No,No,No,NA
954,18.5,65.8,14.0,17.67,0,No,No,No,No,NA
955,33.7,15.2,49.9,0.02,125,No,No,Yes,Yes,6551
956,37.6,29.3,53.0,1.53,0,No,No,Yes,No,NA
957,23.4,44.2,51.7,0.38,262,No,Yes,Yes,Yes,159
958,37.6,12.9,59.2,0.38,2523,No,Yes,Yes,Yes,1959
959,13.7,80.7,14.5,32.4,0,No,No,No,No,NA
960,20.2,39.9,48.6,2.54,234,Yes,Yes,Yes,Yes,2682
961,33.6,27.6,46.2,1.4,0,Yes,Yes,Yes,No,NA
962,29.1,31.1,30.8,0.84,36,Yes,Yes,Yes,Yes,43
963,8.7,77.0,17.1,20.08,0,No,No,No,No,NA
964,23.0,36.9,15.5,4.64,0,No,No,No,No,NA
965,27.4,46.8,36.2,2.29,19,Yes,Yes,Yes,Yes,203
966,7.5,81.1,7.0,37.96,0,No,No,No,No,NA
967,39.9,19.0,68.8,0.09,2979,Yes,Yes,Yes,Yes,8421
968,24.5,49.3,46.9,1.01,0,No,No,No,No,NA
969,19.9,64.2,18.2,24.28,0,No,No,No,No,NA
970,42.3,19.8,74.4,0.2,1102,No,No,Yes,Yes,4448
971,26.4,30.4,27.4,0.48,245,No,No,Yes,Yes,1810
972,14.6,81.3,18.9,8.91,0,No,No,No,No,NA
973,14.4,61.0,14.4,22.44,0,No,No,No,No,NA
974,40.4,12.2,79.4,0.27,1653,No,Yes,Yes,Yes,1585
975,19.1,70.3,13.1,3.03,0,No,No,No,No,NA
976,14.5,77.0,10.1,5.55,0,No,No,No,No,NA
977,19.3,34.9,40.3,2.62,0,No,No,No,No,NA
978,14.1,71.1,19.7,7.49,0,No,No,No,No,NA
979,23.7,29.6,49.1,1.11,0,Yes,Yes,Yes,No,NA
980,16.9,67.3,23.2,13.66,0,No,No,No,No,NA
981,23.2,72.2,9.7,4.58,0,No,No,No,No,NA
982,23.1,35.5,49.1,2.42,0,No,Yes,Yes,No,NA
983,33.7,21.1,46.1,0.47,824,No,No,Yes,Yes,67
984,27.0,29.6,48.1,0.89,106,Yes,Yes,Yes,Yes,203
985,33.3,13.0,60.7,0.42,257,No,No,Yes,Yes,136
986,17.0,87.1,18.7,30.02,0,No,No,No,No,NA
987,27.2,39.1,34.1,0.15,55,No,Yes,Yes,Yes,68
988,26.0,48.6,20.3,5.5,0,No,No,No,No,NA
989,28.8,40.4,32.5,3.27,712,No,No,Yes,Yes,1820
990,18.2,64.8,23.0,16.14,0,No,Yes,Yes,No,NA
991,31.9,16.5,57.7,0.77,204,No,Yes,Yes,Yes,5084
992,10.0,83.7,15.8,22.24,0,No,No,No,No,NA
993,30.8,28.4,48.9,1.39,0,No,No,No,No,NA
994,9.7,75.1,22.0,17.68,0,No,No,No,No,NA
995,25.6,27.0,62.4,1.73,0,No,Yes,Yes,No,NA
996,24.7,41.6,22.2,0.41,0,No,No,No,No,NA
997,30.1,38.9,37.0,0.16,21,No,Yes,Yes,Yes,724
998,6.0,84.2,21.3,10.24,0,No,No,No,No,NA
999,19.0,67.5,22.3,10.42,0,No,No,No,No,NA
1000,31.4,11.2,88.5,0.6,1208,No,Yes,Yes,Yes,4899
1001,41.9,20.0,92.6,0.42,124,No,No,Yes,Yes,7747
1002,18.7,27.8,57.9,3.9,0,No,No,Yes,No,NA
1003,31.8,27.8,73.1,0.33,0,No,No,No,No,NA
1004,8.5,72.6,12.3,32.26,0,No,No,No,No,NA
1005,20.4,56.6,19.9,15.62,0,No,No,No,No,NA
1006,35.1,9.4,64.2,0.02,0,Yes,Yes,Yes,No,NA
1007,30.1,17.1,66.9,0.4,173,No,No,Yes,Yes,5767
1008,31.9,35.1,40.1,2.33,7,No,No,Yes,Yes,1738
1009,28.9,27.5,78.1,0.46,1235,No,No,Yes,Yes,904
1010,25.8,38.6,38.7,3.14,278,No,Yes,Yes,Yes,1182
1011,18.0,85.2,24.2,24.84,0,No,No,No,No,NA
1012,33.9,22.8,62.8,0.48,112,Yes,Yes,Yes,Yes,2397
1013,23.5,36.4,39.9,3.96,0,No,No,No,No,NA
1014,35.8,17.8,45.0,1.14,237,No,No,Yes,Yes,2312
1015,25.1,47.5,26.0,1.13,0,No,No,No,No,NA
1016,40.1,18.9,74.5,0.12,106,No,Yes,Yes,Yes,1271
1017,31.6,38.4,34.0,1.41,0,No,No,No,No,NA
1018,25.9,34.6,65.9,1.84,0,Yes,Yes,Yes,No,NA
1019,23.8,34.0,44.0,1.11,19,No,Yes,Yes,Yes,1054
1020,22.7,41.2,51.6,2.94,46,Yes,Yes,Yes,Yes,1438
1021,15.7,65.1,12.5,14.82,0,No,No,No,No,NA
1022,32.4,11.1,103.7,0.43,1899,Yes,Yes,Yes,Yes,8339
1023,25.9,38.9,35.6,0.03,0,No,No,No,No,NA
1024,32.2,31.6,27.2,1.33,0,No,No,No,No,NA
1025,20.1,52.9,47.7,4.25,0,No,No,No,No,NA
1026,24.9,39.4,59.5,2.83,0,No,No,No,No,NA
1027,19.2,24.4,64.2,1.68,0,Yes,Yes,Yes,No,NA
1028,17.6,84.4,5.3,33.48,10,No,No,Yes,Yes,32
1029,33.0,22.0,73.1,0.85,0,No,No,Yes,No,NA
1030,33.1,18.5,63.8,1.09,458,No,No,Yes,Yes,3328
1031,35.0,36.1,25.2,1.3,0,No,Yes,Yes,No,NA
1032,13.0,71.1,27.4,3.72,0,No,No,No,No,NA
1033,15.1,83.8,7.3,34.97,0,No,No,No,No,NA
1034,33.0,31.4,68.2,1.48,518,Yes,Yes,Yes,Yes,1951
1035,29.4,25.1,56.4,0.1,442,No,No,Yes,Yes,3238
1036,24.6,79.8,11.0,19.52,0,No,No,No,No,NA
1037,42.4,17.8,37.7,0.32,0,No,No,Yes,No,NA
1038,13.6,65.8,31.3,5.78,0,No,No,No,No,NA
1039,31.3,37.5,30.4,1.66,0,No,Yes,Yes,No,NA
1040,19.8,32.4,46.7,3.89,0,No,No,Yes,No,NA
1041,35.6,30.6,47.5,1.31,175,No,Yes,Yes,Yes,3540
1042,35.6,23.9,67.6,0.32,701,No,Yes,Yes,Yes,1752
1043,25.8,36.9,65.6,0.42,212,No,No,Yes,Yes,1325
1044,26.1,31.3,56.3,2.43,46,Yes,Yes,Yes,Yes,1963
1045,24.8,47.3,34.1,1.69,0,No,No,No,No,NA
1046,12.9,83.4,15.4,31.63,0,No,No,No,No,NA
1047,5.4,73.5,6.7,29.21,0,No,No,No,No,NA
1048,17.4,78.7,16.0,15.3,0,No,No,No,No,NA
1049,21.5,83.1,17.5,7.35,0,No,No,No,No,NA
1050,23.1,40.9,43.5,0.5,145,No,No,Yes,Yes,733
1051,26.2,47.1,30.0,4.75,0,No,No,No,No,NA
1052,29.5,37.8,67.9,0.51,398,No,No,Yes,Yes,5104
1053,26.8,26.5,59.5,0.72,69,No,No,Yes,Yes,1776
1054,41.3,11.6,64.0,0.16,1422,Yes,Yes,Yes,Yes,1008
1055,30.7,32.9,54.1,0.87,0,No,Yes,Yes,No,NA
1056,44.9,15.2,37.4,0.09,1824,No,Yes,Yes,Yes,1457
1057,31.4,31.8,56.1,1.79,0,No,No,Yes,No,NA
1058,29.7,36.6,40.8,0.6,16,Yes,Yes,Yes,Yes,1792
1059,33.9,27.8,76.4,1.69,0,No,Yes,Yes,No,NA
1060,16.1,63.1,22.2,9.84,0,No,No,No,No,NA
1061,28.2,45.8,15.2,5.66,28,No,No,Yes,Yes,15
1062,27.5,27.6,52.9,3.7,0,Yes,Yes,Yes,No,NA
1063,28.7,39.3,41.5,1.79,257,No,Yes,Yes,Yes,2281
1064,6.2,89.2,19.2,17.36,0,No,No,No,No,NA
1065,14.0,71.9,14.9,12.44,0,No,No,No,No,NA
1066,24.1,27.1,28.3,1.77,0,No,No,No,No,NA
1067,39.2,23.1,100.9,0.11,580,No,No,Yes,Yes,3373
1068,24.1,30.6,26.6,0.92,0,No,No,No,No,NA
1069,19.6,57.7,7.8,2.3,0,No,No,No,No,NA
1070,35.9,24.1,50.6,1.85,30,Yes,Yes,Yes,Yes,2126
1071,25.5,27.7,66.4,0.39,10,Yes,Yes,Yes,Yes,2309
1072,17.5,75.5,6.1,6.25,0,No,No,No,No,NA
1073,27.8,37.7,55.0,0.81,50,No,Yes,Yes,Yes,1988
1074,39.2,15.8,50.2,0.19,294,No,No,Yes,Yes,5288
1075,26.7,26.6,42.8,1.92,0,No,Yes,Yes,No,NA
1076,26.7,35.2,20.5,0.7,6,No,Yes,Yes,Yes,231
1077,40.9,20.5,60.0,0.15,752,No,Yes,Yes,Yes,3447
1078,31.0,24.2,73.1,0.6,340,No,Yes,Yes,Yes,6364
1079,19.3,60.5,39.4,21.84,0,No,No,No,No,NA
1080,28.4,26.6,67.8,0.86,367,No,Yes,Yes,Yes,862
1081,21.0,71.2,38.7,14.59,0,No,No,No,No,NA
1082,23.9,43.3,49.8,2.82,450,Yes,Yes,Yes,Yes,1155
1083,22.9,54.4,32.5,5.64,0,No,No,Yes,No,NA
1084,24.7,23.3,44.5,0.26,3,Yes,Yes,Yes,Yes,1156
1085,26.6,35.0,23.8,3.13,8,No,No,Yes,Yes,1099
1086,31.9,24.7,75.9,0.92,425,No,Yes,Yes,Yes,1689
1087,33.9,38.4,49.9,0.35,303,No,No,Yes,Yes,1441
1088,28.1,31.0,23.4,1.7,0,No,No,No,No,NA
1089,30.6,41.7,23.8,1.58,0,No,No,No,No,NA
1090,24.7,43.6,29.7,3.58,116,No,Yes,Yes,Yes,693
1091,12.5,79.3,17.4,36.5,0,No,No,No,No,NA
1092,23.4,38.4,38.5,2.29,0,No,No,No,No,NA
1093,25.5,36.6,52.5,0.67,642,No,Yes,Yes,Yes,406
1094,41.1,16.8,63.7,0.48,1491,No,No,Yes,Yes,2478
1095,42.5,18.6,42.0,0.03,5,No,No,Yes,Yes,1600
1096,16.4,61.4,13.7,11.9,0,No,No,No,No,NA
1097,14.6,75.3,23.2,17.48,0,No,No,No,No,NA
1098,34.4,21.9,69.4,0.09,1335,No,Yes,Yes,Yes,1988
1099,35.1,24.0,56.4,0.42,445,No,Yes,Yes,Yes,1066
1100,23.3,38.2,39.2,0.56,0,No,No,No,No,NA
1101,44.8,14.1,81.4,0.25,1095,No,No,Yes,Yes,1773
1102,22.1,34.3,56.5,1.11,0,No,Yes,Yes,No,NA
1103,32.5,24.4,66.4,1.15,0,No,No,No,No,NA
1104,14.6,77.4,27.7,15.78,0,No,No,No,No,NA
1105,25.4,37.0,28.0,0.19,538,No,No,Yes,Yes,852
1106,6.4,92.0,19.6,18.44,0,No,No,No,No,NA
1107,40.0,9.9,80.8,0.04,990,No,No,Yes,Yes,11197
1108,23.5,37.7,42.3,0.59,0,No,No,No,No,NA
1109,7.6,74.1,21.3,33.3,0,No,No,No,No,NA
1110,27.0,36.2,64.7,0.72,987,Yes,Yes,Yes,Yes,813
1111,30.3,19.1,73.1,1.0,745,No,No,Yes,Yes,6315
1112,30.7,22.5,45.9,0.2,397,No,Yes,Yes,Yes,122
1113,29.7,26.4,54.9,2.9,41,No,Yes,Yes,Yes,3389
1114,30.8,38.7,69.2,1.31,330,Yes,Yes,Yes,Yes,1657
1115,29.2,48.3,45.7,2.27,28,No,No,Yes,Yes,2352
1116,34.5,32.0,50.6,0.16,0,No,No,No,No,NA
1117,39.4,12.1,79.8,0.23,102,No,Yes,Yes,Yes,4945
1118,11.9,91.5,18.6,30.83,0,No,No,No,No,NA
1119,29.6,33.6,37.1,0.41,93,No,No,Yes,Yes,1826
1120,35.1,9.6,30.6,0.21,1030,No,No,Yes,Yes,720
1121,15.6,71.9,7.5,11.32,0,No,No,No,No,NA
1122,18.0,73.2,13.0,28.02,0,No,No,No,No,NA
1123,14.1,77.6,34.4,22.75,0,No,No,No,No,NA
1124,42.2,25.6,67.6,0.65,2042,No,Yes,Yes,Yes,1511
1125,23.8,21.6,61.5,3.37,0,Yes,Yes,Yes,No,NA
1126,15.4,60.9,16.0,15.76,0,No,No,Yes,No,NA
1127,33.6,17.7,99.6,0.08,71,No,No,Yes,Yes,5959
1128,9.9,86.5,15.6,28.11,0,No,No,No,No,NA
1129,43.8,20.8,50.2,0.41,1190,No,No,Yes,Yes,502
1130,30.6,43.6,50.1,2.42,0,No,No,No,No,NA
1131,41.2,28.8,77.8,0.57,421,Yes,Yes,Yes,Yes,3437
1132,35.6,19.6,46.5,0.5,135,No,Yes,Yes,Yes,125
1133,18.1,26.1,51.4,3.34,0,No,No,No,No,NA
1134,37.7,15.9,88.0,0.24,810,Yes,Yes,Yes,Yes,5809
1135,29.4,25.2,59.3,0.52,300,Yes,Yes,Yes,Yes,4089
1136,21.8,76.5,19.5,2.76,0,No,No,Yes,No,NA
1137,42.7,10.3,100.7,0.85,51,Yes,Yes,Yes,Yes,1330
1138,9.2,79.3,21.5,19.56,0,No,No,No,No,NA
1139,15.2,70.2,14.0,19.55,0,No,No,No,No,NA
1140,38.1,13.2,52.7,0.93,1047,No,Yes,Yes,Yes,4327
1141,26.6,38.8,40.2,2.33,0,No,No,Yes,No,NA
1142,34.6,39.2,69.6,1.13,0,No,No,No,No,NA
1143,27.9,27.4,55.1,2.39,0,No,No,No,No,NA
1144,16.4,66.7,35.1,9.45,0,No,No,No,No,NA
1145,22.3,41.3,49.0,5.7,0,No,No,No,No,NA
1146,26.0,32.0,40.2,2.74,0,No,No,No,No,NA
1147,37.4,19.6,73.1,1.97,0,No,No,Yes,No,NA
1148,26.0,32.1,56.8,1.37,265,No,Yes,Yes,Yes,458
1149,23.8,55.4,8.0,6.74,0,No,No,No,No,NA
1150,26.3,20.7,41.6,1.38,0,No,No,Yes,No,NA
1151,31.9,32.1,36.1,1.67,0,No,No,Yes,No,NA
1152,25.9,47.3,49.8,0.84,0,No,No,No,No,NA
1153,38.9,27.6,69.6,0.87,0,No,No,No,No,NA
1154,22.2,69.7,25.5,11.17,0,No,Yes,Yes,No,NA
1155,32.6,23.8,60.3,1.18,0,Yes,Yes,Yes,No,NA
1156,24.2,30.5,45.3,3.71,962,No,Yes,Yes,Yes,991
1157,10.6,77.0,22.6,16.0,0,No,No,No,No,NA
1158,33.6,18.8,103.1,0.29,400,No,No,Yes,Yes,9707
1159,12.2,82.7,8.4,25.94,0,No,No,No,No,NA
1160,20.0,60.2,35.0,3.57,0,No,No,No,No,NA
1161,23.1,28.9,30.0,1.82,0,No,No,No,No,NA
1162,29.4,28.6,33.2,1.73,0,No,No,No,No,NA
1163,34.7,36.1,57.2,0.44,95,Yes,Yes,Yes,Yes,2246
1164,28.9,35.8,18.5,5.79,0,No,Yes,Yes,No,NA
1165,44.3,18.7,44.8,0.29,227,Yes,Yes,Yes,Yes,2266
1166,17.0,76.9,28.8,17.43,0,No,Yes,Yes,No,NA
1167,14.2,71.0,18.8,26.47,0,No,No,No,No,NA
1168,24.8,48.1,21.3,2.75,71,No,Yes,Yes,Yes,576
1169,27.2,39.3,64.8,1.53,1024,Yes,Yes,Yes,Yes,846
1170,27.0,49.1,42.1,4.13,0,No,No,No,No,NA
1171,29.6,25.6,30.7,0.65,0,No,No,No,No,NA
1172,19.7,66.5,19.5,11.61,0,No,No,No,No,NA
1173,35.5,20.4,50.4,0.41,1278,No,Yes,Yes,Yes,475
1174,25.3,22.6,46.6,3.8,67,No,Yes,Yes,Yes,765
1175,38.7,14.2,41.9,0.08,636,No,No,Yes,Yes,1334
1176,12.2,76.2,5.3,34.59,0,No,No,No,No,NA
1177,16.0,72.1,14.7,9.63,0,No,No,No,No,NA
1178,5.4,88.7,21.3,18.22,0,No,No,No,No,NA
1179,41.2,11.5,80.3,0.7,249,No,Yes,Yes,Yes,7248
1180,24.1,37.1,32.5,0.97,0,Yes,Yes,Yes,No,NA
1181,42.6,21.5,72.6,0.43,712,Yes,Yes,Yes,Yes,2629
1182,36.7,34.0,70.5,1.43,134,Yes,Yes,Yes,Yes,3741
1183,34.3,26.2,108.5,0.1,362,No,No,Yes,Yes,2865
1184,34.3,31.8,70.4,0.12,1029,No,Yes,Yes,Yes,1849
1185,35.5,11.6,63.7,0.24,811,No,No,Yes,Yes,1380
1186,34.2,28.5,23.9,0.25,89,Yes,Yes,Yes,Yes,513
1187,30.0,31.1,59.5,1.5,1162,Yes,Yes,Yes,Yes,1228
1188,15.2,82.2,26.9,6.65,0,No,No,No,No,NA
1189,29.4,27.4,49.2,1.89,186,No,Yes,Yes,Yes,4797
1190,28.1,23.3,46.0,0.13,0,No,Yes,Yes,No,NA
1191,16.6,62.4,28.7,16.08,0,No,No,No,No,NA
1192,9.5,70.4,8.9,14.95,0,No,No,No,No,NA
1193,34.8,25.3,106.1,0.56,420,No,Yes,Yes,Yes,588
1194,23.0,69.7,24.2,7.94,0,No,No,No,No,NA
1195,42.6,24.7,87.0,0.91,372,Yes,Yes,Yes,Yes,2815
1196,38.5,21.5,75.8,0.1,228,No,Yes,Yes,Yes,2291
1197,30.5,39.1,34.2,2.52,169,No,Yes,Yes,Yes,250
1198,23.4,69.0,17.3,16.2,0,No,No,No,No,NA
1199,29.2,28.6,54.6,2.57,0,No,Yes,Yes,No,NA
1200,10.0,74.5,20.0,5.37,0,No,No,No,No,NA
1201,39.6,13.6,84.7,0.46,1741,Yes,Yes,Yes,Yes,6665
1202,33.6,11.1,84.3,0.03,1852,No,Yes,Yes,Yes,2120
1203,20.1,61.0,10.9,22.67,0,No,No,No,No,NA
1204,15.8,75.9,8.0,9.98,0,No,No,No,No,NA
1205,14.8,81.3,29.7,19.22,0,No,No,No,No,NA
1206,29.0,38.4,49.5,5.92,0,No,No,Yes,No,NA
1207,31.2,38.4,22.6,2.48,0,No,No,No,No,NA
1208,26.7,20.9,50.4,1.38,281,No,No,Yes,Yes,4157
1209,28.4,31.4,54.8,1.13,923,Yes,Yes,Yes,Yes,1472
1210,22.9,60.4,14.4,3.46,0,No,No,No,No,NA
1211,14.7,88.5,11.2,18.28,0,No,No,No,No,NA
1212,21.8,24.5,32.5,3.53,163,No,Yes,Yes,Yes,428
1213,16.5,75.8,35.0,3.81,0,No,No,No,No,NA
1214,17.7,84.8,23.0,17.21,0,No,No,No,No,NA
1215,27.0,45.1,44.0,6.46,3,No,No,Yes,Yes,496
1216,19.8,66.7,13.1,12.15,0,No,No,No,No,NA
1217,27.0,47.6,45.4,0.56,0,No,No,No,No,NA
1218,26.9,27.2,28.1,1.09,0,No,No,Yes,No,NA
1219,24.9,28.7,41.0,3.34,939,Yes,Yes,Yes,Yes,1140
1220,13.1,70.6,18.1,15.7,0,No,No,No,No,NA
1221,24.2,77.2,29.1,18.97,0,No,No,No,No,NA
1222,16.3,63.3,29.0,19.47,0,No,No,No,No,NA
1223,24.6,38.3,15.0,1.61,0,No,No,No,No,NA
1224,26.8,37.2,41.8,1.45,58,No,Yes,Yes,Yes,11
1225,29.7,43.3,46.7,2.49,0,No,No,No,No,NA
1226,28.9,26.4,66.8,0.8,398,No,Yes,Yes,Yes,4197
1227,18.3,37.7,32.1,0.94,9,Yes,Yes,Yes,Yes,584
1228,30.3,19.2,57.4,0.68,71,Yes,Yes,Yes,Yes,2297
1229,24.0,33.0,40.7,0.32,0,No,No,Yes,No,NA
1230,30.8,25.2,32.8,1.72,267,No,Yes,Yes,Yes,1939
1231,39.6,12.3,98.4,0.91,561,No,No,Yes,Yes,10436
1232,24.8,68.3,14.6,14.14,0,No,No,No,No,NA
1233,21.1,30.3,49.6,3.49,0,No,No,No,No,NA
1234,33.6,16.3,52.0,0.44,214,Yes,Yes,Yes,Yes,1832
1235,24.2,43.9,25.4,0.77,48,No,No,Yes,Yes,487
1236,22.3,70.8,15.8,6.94,0,No,No,No,No,NA
1237,16.9,92.6,23.6,33.72,0,No,No,No,No,NA
1238,23.7,37.9,49.2,5.28,0,No,No,No,No,NA
1239,28.4,32.7,35.1,0.8,73,No,No,Yes,Yes,1897
1240,32.9,31.4,69.7,1.23,294,No,No,Yes,Yes,1520
1241,25.0,38.8,27.4,1.5,102,Yes,Yes,Yes,Yes,148
1242,17.7,66.6,24.8,13.43,0,No,No,No,No,NA
1243,22.2,47.2,40.5,5.07,0,No,No,No,No,NA
1244,21.9,27.8,62.2,0.05,219,No,Yes,Yes,Yes,1786
1245,24.8,25.6,54.1,2.9,0,No,No,No,No,NA
1246,20.8,50.0,33.5,2.78,0,No,No,No,No,NA
1247,28.4,27.5,46.7,0.7,397,No,No,Yes,Yes,125
1248,9.9,83.4,12.6,38.21,0,No,No,No,No,NA
1249,17.9,84.3,8.6,10.57,0,No,No,No,No,NA
1250,28.1,32.0,28.7,2.7,361,No,No,Yes,Yes,1256
1251,25.0,45.7,22.9,3.53,0,No,No,No,No,NA
1252,29.9,32.5,56.0,0.01,0,No,No,No,No,NA
1253,21.8,57.5,19.5,9.53,0,No,No,No,No,NA
1254,40.0,10.4,67.2,0.5,519,No,No,Yes,Yes,5452
1255,36.2,34.0,40.9,1.2,0,Yes,Yes,Yes,No,NA
1256,19.6,73.1,11.0,10.5,0,No,No,No,No,NA
1257,17.9,77.4,10.2,10.3,0,No,No,No,No,NA
1258,15.4,94.3,15.0,8.89,0,No,No,No,No,NA
1259,17.4,73.1,6.7,15.47,0,No,No,No,No,NA
1260,22.0,81.6,12.1,12.18,0,No,No,No,No,NA
1261,32.2,32.1,69.5,1.43,1382,No,No,Yes,Yes,403
1262,36.7,20.2,60.7,0.32,226,Yes,Yes,Yes,Yes,1988
1263,18.7,71.4,8.5,6.38,0,No,No,No,No,NA
1264,26.4,36.5,46.5,4.19,469,Yes,Yes,Yes,Yes,1419
1265,18.4,22.8,45.9,0.1,0,No,No,No,No,NA
1266,34.0,24.3,84.1,0.3,256,No,No,Yes,Yes,1415
1267,24.8,29.6,54.0,1.75,352,No,Yes,Yes,Yes,2107
1268,24.7,71.1,19.7,11.02,0,No,No,No,No,NA
1269,35.8,32.4,59.3,0.97,67,No,No,Yes,Yes,199
1270,27.3,35.8,51.0,1.43,0,No,No,No,No,NA
1271,42.9,22.4,77.0,0.26,85,No,Yes,Yes,Yes,1615
1272,21.6,81.2,26.1,4.75,0,No,No,No,No,NA
1273,14.5,66.4,32.2,18.17,0,No,No,No,No,NA
1274,30.1,34.6,50.6,0.55,0,No,No,No,No,NA
1275,34.1,22.7,35.1,0.42,63,No,No,Yes,Yes,696
1276,27.0,22.3,24.2,0.39,73,No,Yes,Yes,Yes,964
1277,37.3,18.9,72.2,1.23,296,No,Yes,Yes,Yes,3955
1278,14.8,76.1,17.9,14.71,0,No,No,No,No,NA
1279,15.1,71.0,39.3,23.81,0,No,No,No,No,NA
1280,16.7,64.1,12.0,12.5,0,No,No,No,No,NA
1281,32.1,28.7,72.9,0.39,816,Yes,Yes,Yes,Yes,2056
1282,20.5,33.4,38.0,0.77,192,Yes,Yes,Yes,Yes,825
1283,27.5,35.6,35.8,3.73,0,No,No,No,No,NA
1284,34.8,16.1,93.6,0.83,215,No,Yes,Yes,Yes,2572
1285,25.9,41.1,59.0,2.3,150,No,No,Yes,Yes,728
1286,24.3,42.6,34.5,6.04,0,No,No,No,No,NA
1287,38.3,17.1,49.7,0.65,72,No,No,Yes,Yes,3533
1288,31.0,34.7,63.4,0.12,808,No,Yes,Yes,Yes,1269
1289,28.2,35.5,40.7,0.3,490,Yes,Yes,Yes,Yes,142
1290,37.2,26.3,91.4,0.14,1312,No,No,Yes,Yes,6845
1291,37.0,19.3,52.9,0.46,313,No,Yes,Yes,Yes,1410
1292,26.7,41.1,51.9,2.5,1181,No,No,Yes,Yes,1003
1293,27.9,44.8,35.1,5.26,0,No,No,No,No,NA
1294,19.8,73.3,34.0,21.62,0,No,No,No,No,NA
1295,25.8,23.8,27.9,2.74,0,No,No,No,No,NA
1296,21.5,56.8,21.2,8.12,0,No,No,No,No,NA
1297,31.8,33.0,31.8,1.87,460,Yes,Yes,Yes,Yes,451
1298,16.6,76.6,33.1,15.64,0,No,No,No,No,NA
1299,19.8,35.5,33.2,0.73,331,No,No,Yes,Yes,1450
1300,28.7,53.6,38.0,2.01,16,No,No,Yes,Yes,544
1301,29.5,34.0,41.0,1.74,0,No,Yes,Yes,No,NA
1302,7.7,79.5,21.3,8.25,0,No,No,No,No,NA
1303,13.2,78.9,13.6,13.76,0,No,No,No,No,NA
1304,24.2,39.2,18.2,4.3,0,No,No,No,No,NA
1305,28.2,22.6,56.8,1.92,280,Yes,Yes,Yes,Yes,399
1306,31.5,36.2,63.8,0.03,0,No,No,No,No,NA
1307,20.5,51.9,21.2,0.57,0,Yes,Yes,Yes,No,NA
1308,27.6,37.3,51.4,1.49,0,No,Yes,Yes,No,NA
1309,22.4,75.3,9.5,17.82,0,No,No,No,No,NA
1310,30.4,23.1,54.9,1.68,206,Yes,Yes,Yes,Yes,122
1311,22.5,32.5,43.9,1.58,54,No,Yes,Yes,Yes,307
1312,31.4,35.7,25.4,1.81,0,No,Yes,Yes,No,NA
1313,18.2,68.5,28.9,14.03,0,No,No,No,No,NA
1314,20.4,24.4,30.2,3.77,16,Yes,Yes,Yes,Yes,839
1315,22.3,62.5,22.8,10.32,0,No,No,No,No,NA
1316,39.9,12.6,75.3,0.66,73,No,No,Yes,Yes,452
1317,17.7,70.4,17.7,34.24,0,No,No,No,No,NA
1318,39.4,16.2,50.6,0.31,162,No,Yes,Yes,Yes,1264
1319,38.5,20.3,70.2,1.0,269,No,Yes,Yes,Yes,4780
1320,14.6,79.5,22.8,3.56,0,No,No,No,No,NA
1321,38.0,17.4,68.5,0.25,578,No,Yes,Yes,Yes,9549
1322,13.9,81.0,16.7,3.37,0,No,No,No,No,NA
1323,27.4,31.3,46.2,0.19,0,No,No,No,No,NA
1324,13.7,64.0,30.4,16.97,0,No,No,No,No,NA
1325,20.4,78.9,15.6,5.64,0,No,No,No,No,NA
1326,25.3,43.0,58.9,2.68,0,No,No,Yes,No,NA
1327,33.0,20.0,70.1,0.1,216,Yes,Yes,Yes,Yes,2410
1328,10.1,74.0,13.4,25.7,0,No,No,No,No,NA
1329,17.5,76.9,22.9,9.32,0,No,No,No,No,NA
1330,17.1,58.6,11.9,7.89,0,No,No,No,No,NA
1331,13.0,75.7,24.1,17.53,0,No,No,No,No,NA
1332,23.5,21.4,64.2,3.64,94,No,Yes,Yes,Yes,2027
1333,20.0,34.2,59.6,1.95,248,Yes,Yes,Yes,Yes,2702
1334,38.0,34.3,56.9,1.28,0,No,No,Yes,No,NA
1335,41.8,22.8,69.7,0.67,441,Yes,Yes,Yes,Yes,4783
1336,29.3,27.1,51.2,2.13,0,No,No,No,No,NA
1337,28.7,42.4,46.7,0.13,107,No,No,Yes,Yes,781
1338,9.7,86.8,23.1,19.76,0,No,No,No,No,NA
1339,26.5,43.8,31.1,6.98,137,No,Yes,Yes,Yes,960
1340,15.2,78.6,7.5,18.57,0,No,No,No,No,NA
1341,34.7,23.7,71.1,0.97,1391,No,No,Yes,Yes,2313
1342,17.1,74.3,18.7,7.79,0,No,No,No,No,NA
1343,23.4,76.4,13.3,13.1,0,No,No,No,No,NA
1344,9.1,77.6,23.3,8.17,0,No,No,No,No,NA
1345,22.6,60.1,26.4,10.74,0,No,No,No,No,NA
1346,27.5,54.2,26.3,1.34,0,No,No,No,No,NA
1347,15.0,74.0,15.3,16.61,0,No,No,No,No,NA
1348,29.0,33.3,59.1,0.58,1117,Yes,Yes,Yes,Yes,1899
1349,38.0,29.4,69.4,0.22,440,Yes,Yes,Yes,Yes,2417
1350,8.2,75.6,18.0,12.56,12,Yes,Yes,Yes,Yes,94
1351,20.3,23.7,45.7,1.6,0,No,No,No,No,NA
1352,30.2,39.1,59.3,2.41,565,No,Yes,Yes,Yes,2428
1353,18.2,75.7,22.6,16.32,0,No,No,No,No,NA
1354,19.1,73.4,13.1,21.18,0,No,No,No,No,NA
1355,20.2,65.6,18.1,21.41,0,No,No,No,No,NA
1356,23.2,39.1,31.9,2.24,0,No,Yes,Yes,No,NA
1357,15.6,63.9,28.9,6.97,0,No,No,No,No,NA
1358,41.3,16.3,72.3,0.47,0,No,Yes,Yes,No,NA
1359,34.3,21.4,102.6,0.95,1819,No,Yes,Yes,Yes,1085
1360,25.9,50.5,17.5,0.98,0,No,Yes,Yes,No,NA
1361,23.4,55.7,28.2,15.12,0,No,No,No,No,NA
1362,28.3,44.0,35.5,1.22,0,Yes,Yes,Yes,No,NA
1363,21.8,43.6,23.8,1.18,18,No,Yes,Yes,Yes,286
1364,30.3,22.1,108.9,0.06,41,No,Yes,Yes,Yes,1677
1365,24.8,37.2,63.2,0.75,0,Yes,Yes,Yes,No,NA
1366,21.0,69.3,27.3,14.71,0,No,No,No,No,NA
1367,23.1,66.1,20.6,18.84,0,No,No,No,No,NA
1368,33.1,26.2,34.6,0.7,1175,No,Yes,Yes,Yes,1438
1369,39.1,26.0,55.6,0.9,375,Yes,Yes,Yes,Yes,1234
1370,22.5,26.2,59.3,1.44,0,No,No,No,No,NA
1371,19.2,30.4,51.5,1.28,0,No,No,No,No,NA
1372,17.2,78.9,29.3,9.22,0,No,No,No,No,NA
1373,42.3,18.5,76.1,0.08,3040,No,Yes,Yes,Yes,3727
1374,38.9,8.7,86.8,0.15,1844,No,No,Yes,Yes,5948
1375,44.6,14.5,51.1,0.27,1275,No,No,Yes,Yes,2601
1376,43.8,9.7,87.0,0.45,74,Yes,Yes,Yes,Yes,2559
1377,16.7,72.9,10.8,36.65,0,No,No,No,No,NA
1378,29.8,54.7,43.9,3.29,0,Yes,Yes,Yes,No,NA
1379,41.5,18.5,84.2,0.86,1238,No,Yes,Yes,Yes,4629
1380,26.1,41.9,27.6,2.34,56,No,Yes,Yes,Yes,76
1381,31.4,22.3,65.1,0.98,891,No,Yes,Yes,Yes,1520
1382,14.9,81.4,17.8,19.74,0,No,No,No,No,NA
1383,17.4,83.9,15.0,9.45,0,No,No,No,No,NA
1384,26.1,20.8,39.4,0.17,0,No,Yes,Yes,No,NA
1385,19.4,74.2,21.6,11.07,0,No,No,No,No,NA
1386,20.4,35.3,20.3,6.95,146,No,Yes,Yes,Yes,342
1387,12.6,64.6,15.8,17.48,0,No,No,No,No,NA
1388,33.4,32.0,34.4,0.32,14,Yes,Yes,Yes,Yes,166
1389,23.7,37.9,18.6,2.25,0,No,No,No,No,NA
1390,30.5,27.4,29.0,1.88,0,No,No,Yes,No,NA
1391,39.2,27.9,51.3,1.23,749,No,No,Yes,Yes,3412
1392,33.7,33.0,58.2,1.76,82,No,Yes,Yes,Yes,3322
1393,37.6,13.1,32.6,0.21,210,No,No,Yes,Yes,1753
1394,26.6,33.4,49.3,1.33,59,Yes,Yes,Yes,Yes,1346
1395,12.4,93.7,19.6,32.44,0,No,No,No,No,NA
1396,26.1,31.1,35.7,1.41,0,No,No,No,No,NA
1397,22.9,24.0,38.5,3.56,0,No,No,No,No,NA
1398,24.0,33.9,47.8,1.16,0,No,No,Yes,No,NA
1399,27.2,32.8,48.0,3.2,394,Yes,Yes,Yes,Yes,2585
1400,24.4,32.6,26.4,0.39,55,No,Yes,Yes,Yes,913
1401,22.0,38.0,22.5,6.81,0,No,No,No,No,NA
1402,28.9,28.9,38.5,0.7,23,No,No,Yes,Yes,570
1403,22.9,31.2,50.1,2.8,1027,No,No,Yes,Yes,323
1404,32.6,22.7,39.0,0.76,158,No,Yes,Yes,Yes,3699
1405,44.6,24.1,64.0,0.44,0,No,No,No,No,NA
1406,26.8,32.5,53.9,1.83,273,No,No,Yes,Yes,1806
1407,28.5,39.7,44.7,1.24,0,No,No,No,No,NA
1408,28.5,38.8,24.8,4.4,0,No,No,No,No,NA
1409,15.5,61.0,12.7,10.08,0,No,No,Yes,No,NA
1410,35.9,21.7,41.3,1.74,0,Yes,Yes,Yes,No,NA
1411,16.8,79.5,5.7,28.52,0,No,No,No,No,NA
1412,20.5,79.6,22.2,10.53,0,No,No,No,No,NA
1413,13.9,67.0,12.5,12.9,0,No,No,No,No,NA
1414,28.6,52.9,15.8,1.46,0,Yes,Yes,Yes,No,NA
1415,27.6,35.6,59.5,0.04,156,No,No,Yes,Yes,3183
1416,35.6,21.6,66.6,1.23,185,No,Yes,Yes,Yes,3250
1417,30.7,29.7,22.0,0.24,81,No,Yes,Yes,Yes,457
1418,39.5,21.8,101.7,0.44,518,No,Yes,Yes,Yes,3685
1419,32.0,21.5,29.4,0.64,0,No,No,Yes,No,NA
1420,21.6,28.2,50.6,0.87,228,Yes,Yes,Yes,Yes,38
1421,15.6,56.6,13.6,15.19,0,No,No,No,No,NA
1422,31.7,38.0,42.3,1.95,0,No,No,Yes,No,NA
1423,27.0,47.1,48.6,4.77,0,No,No,No,No,NA
1424,27.4,44.6,32.5,6.23,0,No,No,No,No,NA
1425,8.0,74.3,18.8,19.34,0,No,No,No,No,NA
1426,27.1,43.0,38.1,0.43,0,No,No,No,No,NA
1427,43.4,21.4,52.9,0.44,390,No,Yes,Yes,Yes,6650
1428,6.2,79.8,8.0,16.81,0,No,No,No,No,NA
1429,40.8,27.1,66.7,0.19,707,No,Yes,Yes,Yes,5045
1430,25.7,26.5,43.8,0.58,5,No,No,Yes,Yes,1814
1431,18.4,62.8,20.5,13.01,0,No,No,No,No,NA
1432,27.2,51.1,45.2,3.27,0,No,Yes,Yes,No,NA
1433,17.3,87.2,23.2,36.59,0,No,No,No,No,NA
1434,37.4,26.1,63.1,0.66,358,Yes,Yes,Yes,Yes,5246
1435,15.6,76.2,16.3,36.17,0,No,No,No,No,NA
1436,30.3,37.5,23.3,1.47,0,No,No,No,No,NA
1437,30.9,17.8,61.6,0.77,2,No,Yes,Yes,Yes,1507
1438,23.8,22.9,35.9,1.28,0,No,No,No,No,NA
1439,14.0,80.3,15.6,23.32,0,No,No,No,No,NA
1440,41.6,11.3,77.9,0.14,15,No,Yes,Yes,Yes,93
1441,22.9,34.3,56.4,0.44,0,No,No,No,No,NA
1442,23.3,26.3,62.5,1.82,8,No,No,Yes,Yes,1032
1443,43.3,17.4,52.1,0.16,770,No,Yes,Yes,Yes,3199
1444,40.4,13.5,75.4,0.02,517,No,No,Yes,Yes,5685
1445,30.2,38.8,31.8,1.51,0,No,Yes,Yes,No,NA
1446,32.8,16.2,56.7,1.58,1564,Yes,Yes,Yes,Yes,587
1447,8.1,86.1,16.2,6.84,0,No,No,No,No,NA
1448,32.5,20.9,87.0,0.48,500,No,Yes,Yes,Yes,3770
1449,40.7,19.9,63.0,0.02,666,No,Yes,Yes,Yes,87
1450,19.0,58.8,5.2,13.3,0,No,No,No,No,NA
1451,25.1,38.2,22.1,5.06,0,No,No,No,No,NA
1452,35.1,23.0,77.1,0.45,0,No,No,Yes,No,NA
1453,7.4,71.0,21.1,31.0,0,No,No,No,No,NA
1454,26.8,26.0,52.6,0.86,0,No,Yes,Yes,No,NA
1455,12.4,92.1,10.0,22.89,0,No,No,No,No,NA
1456,23.6,60.2,28.7,8.99,0,No,No,No,No,NA
1457,27.0,38.4,44.2,2.39,0,No,No,No,No,NA
1458,6.0,72.7,5.0,6.09,0,Yes,Yes,Yes,No,NA
1459,32.6,26.4,46.4,0.11,15,No,Yes,Yes,Yes,1453
1460,43.7,13.1,45.8,0.47,1337,No,No,Yes,Yes,1647
1461,43.4,23.8,40.5,0.06,25,No,Yes,Yes,Yes,2056
1462,32.3,23.1,23.3,1.36,22,No,Yes,Yes,Yes,1140
1463,34.6,37.5,55.5,1.44,1016,No,Yes,Yes,Yes,2192
1464,43.4,22.2,56.1,0.48,783,No,Yes,Yes,Yes,246
1465,34.5,22.5,76.1,1.45,1128,No,Yes,Yes,Yes,2767
1466,31.9,23.5,103.4,0.68,486,No,No,Yes,Yes,485
1467,33.4,25.8,67.2,1.78,545,No,No,Yes,Yes,2847
1468,23.5,69.3,29.4,16.26,0,No,No,No,No,NA
1469,31.7,44.8,41.8,1.56,0,No,Yes,Yes,No,NA
1470,13.9,89.7,14.8,16.39,0,No,No,No,No,NA
1471,27.8,41.4,28.8,1.05,269,No,No,Yes,Yes,183
1472,14.3,92.3,24.4,33.0,0,No,No,No,No,NA
1473,33.1,18.1,99.5,0.54,91,No,No,Yes,Yes,98
1474,25.7,29.1,25.9,1.89,0,Yes,Yes,Yes,No,NA
1475,22.1,43.6,35.6,4.09,0,Yes,Yes,Yes,No,NA
1476,23.5,40.1,31.6,6.48,0,No,No,No,No,NA
1477,29.6,37.4,34.0,2.91,0,No,Yes,Yes,No,NA
1478,29.7,30.9,24.1,1.45,0,No,No,No,No,NA
1479,32.6,21.7,64.1,0.94,160,No,Yes,Yes,Yes,2555
1480,28.4,35.6,62.4,1.78,0,No,No,No,No,NA
1481,22.7,38.5,51.1,0.19,0,No,No,No,No,NA
1482,30.1,24.0,74.1,0.08,308,No,Yes,Yes,Yes,2449
1483,30.5,41.1,56.2,2.32,155,Yes,Yes,Yes,Yes,2961
1484,26.0,22.8,57.0,1.89,0,No,Yes,Yes,No,NA
1485,41.2,23.3,52.1,0.27,191,No,Yes,Yes,Yes,1685
1486,24.7,45.1,23.5,7.46,173,Yes,Yes,Yes,Yes,116
1487,14.6,61.7,33.7,7.08,0,No,No,No,No,NA
1488,7.6,77.5,19.9,18.67,0,No,No,No,No,NA
1489,33.5,19.3,65.1,0.0,238,No,Yes,Yes,Yes,6252
1490,30.6,18.4,62.1,1.25,0,No,No,Yes,No,NA
1491,13.5,79.0,24.3,24.78,0,No,No,No,No,NA
1492,31.2,32.2,29.0,0.79,581,No,Yes,Yes,Yes,629
1493,26.9,41.7,29.0,2.72,0,No,No,No,No,NA
1494,20.9,76.2,32.7,6.46,0,No,No,No,No,NA
1495,29.3,20.6,23.3,0.17,0,No,No,Yes,No,NA
1496,22.8,40.6,37.8,7.9,0,No,No,No,No,NA
1497,21.9,26.2,62.9,2.05,860,No,No,Yes,Yes,2622
1498,19.6,26.7,52.7,3.9,0,No,No,No,No,NA
1499,27.5,25.4,33.6,0.58,111,No,Yes,Yes,Yes,2045
1500,25.2,43.2,24.2,3.68,0,No,No,No,No,NA
1501,23.0,72.2,9.7,14.35,0,No,No,No,No,NA
1502,15.4,84.5,8.5,30.36,0,No,No,No,No,NA
1503,12.8,85.8,11.7,36.05,0,No,No,No,No,NA
1504,27.3,30.4,42.7,1.61,983,No,No,Yes,Yes,980
1505,32.9,21.8,45.3,0.25,0,No,No,Yes,No,NA
1506,17.7,65.0,11.5,12.41,0,No,No,No,No,NA
1507,33.2,21.3,45.6,0.25,0,No,No,No,No,NA
1508,43.0,12.7,62.9,0.13,1806,No,No,Yes,Yes,3179
1509,33.4,24.6,73.2,0.14,233,No,Yes,Yes,Yes,6364
1510,39.2,13.4,43.2,0.4,1610,No,Yes,Yes,Yes,2161
1511,40.5,12.5,64.8,0.41,3,No,No,Yes,Yes,9321
1512,35.7,27.2,101.0,0.45,531,No,No,Yes,Yes,3050
1513,27.0,20.5,55.6,0.82,0,No,No,No,No,NA
1514,15.4,60.5,25.2,11.53,0,No,No,No,No,NA
1515,22.0,70.0,22.5,8.8,0,No,No,No,No,NA
1516,23.5,40.5,40.0,7.24,0,No,No,No,No,NA
1517,40.9,17.6,68.7,0.03,681,No,Yes,Yes,Yes,1078
1518,23.0,30.1,29.1,1.1,0,No,No,No,No,NA
1519,17.2,69.6,17.9,11.56,0,Yes,Yes,Yes,No,NA
1520,6.2,92.9,6.8,29.34,0,No,No,No,No,NA
1521,35.9,15.9,101.5,0.28,22,Yes,Yes,Yes,Yes,3290
1522,17.9,66.8,15.6,5.02,29,No,No,Yes,Yes,83
1523,20.3,74.5,18.8,8.64,0,No,No,No,No,NA
1524,17.5,55.2,26.4,15.79,0,Yes,Yes,Yes,No,NA
1525,16.7,66.7,26.2,6.35,0,No,No,No,No,NA
1526,36.0,19.1,92.6,0.71,159,No,No,Yes,Yes,597
1527,20.0,76.9,21.9,14.91,0,No,No,No,No,NA
1528,15.5,75.1,31.6,19.49,0,No,No,No,No,NA
1529,23.8,42.2,25.0,0.11,180,No,No,Yes,Yes,472
1530,34.9,16.3,61.9,0.02,1622,No,No,Yes,Yes,1187
1531,35.2,12.8,104.0,0.9,605,No,Yes,Yes,Yes,2336
1532,17.3,92.4,23.5,15.34,0,No,No,No,No,NA
1533,31.8,42.4,23.1,0.88,0,No,No,No,No,NA
1534,44.1,22.8,58.8,0.18,314,No,No,Yes,Yes,1634
1535,30.8,20.2,87.8,0.37,963,No,Yes,Yes,Yes,1810
1536,19.5,28.8,44.5,3.05,60,No,No,Yes,Yes,1475
1537,25.6,39.3,49.3,1.91,70,No,No,Yes,Yes,528
1538,35.9,24.2,41.7,0.28,401,No,No,Yes,Yes,563
1539,44.9,10.8,32.2,0.36,149,No,Yes,Yes,Yes,797
1540,26.2,54.6,44.8,7.67,282,No,Yes,Yes,Yes,1048
1541,24.2,25.6,48.8,3.59,481,No,Yes,Yes,Yes,890
1542,22.6,36.8,52.1,0.77,0,No,No,No,No,NA
1543,16.4,76.2,23.1,37.41,0,No,No,No,No,NA
1544,30.2,33.4,33.2,0.24,391,No,Yes,Yes,Yes,110
1545,23.7,34.5,21.2,2.81,118,No,Yes,Yes,Yes,763
1546,8.7,85.3,8.3,10.57,0,No,No,No,No,NA
1547,26.0,21.6,56.9,0.3,186,No,No,Yes,Yes,4442
1548,32.0,11.0,38.0,0.49,37,No,No,Yes,Yes,2248
1549,34.3,10.8,85.0,0.99,1530,No,No,Yes,Yes,930
1550,27.7,25.8,61.8,0.14,0,No,Yes,Yes,No,NA
1551,21.4,72.5,7.4,12.92,0,No,No,Yes,No,NA
1552,21.9,75.3,14.0,11.16,0,No,No,No,No,NA
1553,26.6,43.6,51.8,2.54,0,No,Yes,Yes,No,NA
1554,33.0,18.0,37.1,0.05,633,Yes,Yes,Yes,Yes,2875
1555,26.5,43.6,46.7,2.01,0,No,No,Yes,No,NA
1556,35.9,22.3,55.6,0.69,884,No,No,Yes,Yes,3279
1557,30.6,42.3,38.0,2.45,0,No,No,No,No,NA
1558,29.6,50.0,45.4,1.88,0,Yes,Yes,Yes,No,NA
1559,21.5,52.7,23.4,5.03,0,No,No,No,No,NA
1560,19.2,74.3,20.8,14.8,0,No,No,No,No,NA
1561,33.4,21.1,88.2,0.1,376,No,No,Yes,Yes,7816
1562,21.9,75.3,28.4,12.57,0,No,No,No,No,NA
1563,39.6,26.8,51.6,1.99,118,Yes,Yes,Yes,Yes,4173
1564,32.2,43.3,44.4,0.69,10,No,Yes,Yes,Yes,880
1565,21.0,25.3,46.2,0.16,0,No,No,No,No,NA
1566,22.0,26.0,23.0,2.41,0,No,No,No,No,NA
1567,22.2,42.4,49.3,2.3,0,No,No,No,No,NA
1568,38.5,17.9,62.0,0.28,381,No,No,Yes,Yes,4766
1569,5.2,80.7,11.6,13.6,0,No,No,No,No,NA
1570,32.2,15.8,65.4,0.16,774,No,No,Yes,Yes,2578
1571,18.4,61.9,14.7,5.67,0,No,No,No,No,NA
1572,32.8,35.9,67.2,1.93,121,Yes,Yes,Yes,Yes,4385
1573,21.3,21.7,56.6,1.41,860,No,Yes,Yes,Yes,3102
1574,34.9,23.2,37.1,1.04,0,No,No,Yes,No,NA
1575,20.3,52.1,42.7,3.74,0,No,No,No,No,NA
1576,24.3,28.8,45.5,2.32,0,No,No,Yes,No,NA
1577,15.8,93.3,20.6,24.51,0,No,No,No,No,NA
1578,22.0,35.8,30.9,0.53,0,No,No,No,No,NA
1579,26.5,43.3,44.3,7.77,0,No,No,Yes,No,NA
1580,24.2,35.3,48.7,1.89,0,No,No,No,No,NA
1581,21.2,51.2,42.5,5.29,415,No,Yes,Yes,Yes,30
1582,22.0,75.4,30.0,7.05,0,No,No,No,No,NA
1583,15.6,72.5,32.2,11.95,0,No,No,No,No,NA
1584,22.1,76.7,28.3,12.85,0,No,No,No,No,NA
1585,34.7,35.4,35.9,0.25,0,No,No,No,No,NA
1586,27.3,25.5,62.1,1.1,762,No,No,Yes,Yes,3291
1587,41.8,23.2,56.0,0.4,276,No,Yes,Yes,Yes,421
1588,34.5,31.8,25.3,0.95,401,No,Yes,Yes,Yes,534
1589,28.3,23.7,65.9,1.4,201,No,No,Yes,Yes,2596
1590,14.4,70.2,30.4,22.25,0,No,No,No,No,NA
1591,11.4,75.9,13.6,26.46,0,No,No,No,No,NA
1592,34.5,18.1,85.4,0.91,1179,No,Yes,Yes,Yes,848
1593,29.1,23.8,32.6,0.26,5,No,No,Yes,Yes,326
1594,14.7,88.3,18.7,9.65,0,No,No,No,No,NA
1595,18.0,24.2,29.4,2.78,0,Yes,Yes,Yes,No,NA
1596,33.7,26.5,40.6,1.32,0,No,Yes,Yes,No,NA
1597,10.1,74.7,18.3,38.14,0,No,No,No,No,NA
1598,35.7,15.0,76.0,0.16,78,No,No,Yes,Yes,5389
1599,31.8,15.6,75.6,0.01,951,No,Yes,Yes,Yes,2528
1600,40.9,29.3,66.2,0.48,1578,No,Yes,Yes,Yes,3231
1601,16.1,73.0,18.1,14.42,0,No,No,No,No,NA
1602,39.7,10.4,84.0,0.88,1544,No,Yes,Yes,Yes,8258
1603,21.2,75.7,39.3,3.07,0,No,No,No,No,NA
1604,16.2,68.5,24.4,7.12,0,No,No,No,No,NA
1605,24.8,41.1,43.4,1.89,0,No,No,No,No,NA
1606,24.8,21.9,43.9,0.79,97,Yes,Yes,Yes,Yes,841
1607,12.2,61.9,27.0,6.01,0,No,Yes,Yes,No,NA
1608,26.0,39.8,47.4,1.44,79,No,Yes,Yes,Yes,37
1609,38.4,27.8,103.6,0.09,1943,No,No,Yes,Yes,593
1610,5.6,87.2,15.8,28.01,0,No,No,Yes,No,NA
1611,15.3,92.2,7.0,22.63,0,No,No,No,No,NA
1612,37.6,13.9,51.4,0.23,119,Yes,Yes,Yes,Yes,1349
1613,17.3,56.1,9.5,16.89,0,No,No,No,No,NA
1614,40.6,11.8,38.1,0.06,218,No,Yes,Yes,Yes,2765
1615,33.3,23.2,38.9,0.34,17,No,Yes,Yes,Yes,639
1616,23.2,29.6,52.5,0.8,0,No,No,No,No,NA
1617,21.5,83.3,37.0,23.18,0,No,No,No,No,NA
1618,23.3,69.9,21.5,5.88,0,No,No,No,No,NA
1619,31.4,20.2,48.6,1.47,0,No,Yes,Yes,No,NA
1620,16.6,62.3,27.4,20.53,0,No,No,Yes,No,NA
1621,21.5,62.8,24.4,23.01,0,No,No,No,No,NA
1622,15.5,59.5,26.9,16.38,0,No,No,Yes,No,NA
1623,20.8,66.0,26.6,10.46,0,No,No,No,No,NA
1624,25.5,51.6,16.5,4.18,0,No,No,Yes,No,NA
1625,30.2,32.5,23.6,1.44,170,No,No,Yes,Yes,282
1626,32.4,8.2,31.6,0.33,871,No,No,Yes,Yes,77
1627,19.0,33.8,44.2,3.22,0,No,No,No,No,NA
1628,20.6,47.6,48.9,0.69,388,No,Yes,Yes,Yes,284
1629,32.1,20.9,58.9,0.67,539,No,Yes,Yes,Yes,2023
1630,27.5,26.3,43.8,2.03,0,No,Yes,Yes,No,NA
1631,9.9,85.9,6.8,30.34,0,No,No,No,No,NA
1632,28.2,29.7,26.0,0.81,230,No,Yes,Yes,Yes,798
1633,39.2,8.7,58.2,0.2,1119,No,No,Yes,Yes,3700
1634,27.3,39.1,59.2,2.1,199,No,Yes,Yes,Yes,3982
1635,21.2,78.5,17.8,19.13,0,No,No,No,No,NA
1636,21.5,72.5,37.9,14.34,0,No,No,No,No,NA
1637,18.5,70.0,17.3,17.81,0,No,No,No,No,NA
1638,39.4,20.4,88.7,0.67,397,Yes,Yes,Yes,Yes,9700
1639,16.3,62.6,38.8,8.54,0,No,Yes,Yes,No,NA
1640,23.7,43.9,34.9,0.87,0,No,No,Yes,No,NA
1641,23.4,48.7,25.3,7.69,0,No,Yes,Yes,No,NA
1642,30.7,42.3,40.5,2.88,0,No,No,No,No,NA
1643,42.0,20.4,52.1,0.28,1022,No,Yes,Yes,Yes,2765
1644,40.8,13.8,47.4,0.32,0,Yes,Yes,Yes,No,NA
1645,21.9,45.5,35.5,7.13,41,No,No,Yes,Yes,1417
1646,34.3,29.4,71.5,1.09,230,No,Yes,Yes,Yes,2115
1647,30.0,35.8,29.2,0.76,812,No,Yes,Yes,Yes,1294
1648,29.6,30.0,40.4,1.11,0,No,No,No,No,NA
1649,43.8,11.5,31.6,0.41,12,No,Yes,Yes,Yes,2877
1650,25.7,37.7,39.9,2.19,0,No,No,No,No,NA
1651,32.1,42.6,47.2,1.18,0,No,No,Yes,No,NA
1652,28.1,21.4,26.2,1.05,0,Yes,Yes,Yes,No,NA
1653,27.8,31.9,21.1,0.42,0,No,No,Yes,No,NA
1654,24.4,70.2,17.6,3.32,0,No,No,No,No,NA
1655,22.8,30.1,21.5,2.24,0,No,Yes,Yes,No,NA
1656,42.8,18.7,76.7,0.17,326,No,Yes,Yes,Yes,2916
1657,19.3,76.2,28.5,18.99,0,No,No,Yes,No,NA
1658,23.9,52.7,18.1,7.03,5,No,Yes,Yes,Yes,259
1659,8.3,78.5,6.0,20.04,0,No,No,No,No,NA
1660,29.9,36.9,41.2,1.12,0,No,No,No,No,NA
1661,20.3,67.3,38.9,5.55,0,No,No,No,No,NA
1662,21.9,79.5,20.3,8.22,0,No,No,No,No,NA
1663,13.4,61.2,17.0,11.23,0,No,No,Yes,No,NA
1664,36.3,15.4,72.9,1.01,0,Yes,Yes,Yes,No,NA
1665,20.2,20.3,64.8,3.97,0,No,No,Yes,No,NA
1666,25.5,32.5,55.7,2.29,527,No,No,Yes,Yes,924
1667,29.1,25.4,45.8,1.57,250,No,No,Yes,Yes,990
1668,20.9,74.2,33.8,21.85,0,No,No,No,No,NA
1669,26.8,35.6,61.0,0.59,609,No,No,Yes,Yes,1390
1670,44.9,16.0,53.9,0.06,714,No,No,Yes,Yes,198
1671,11.8,75.5,18.4,26.08,0,No,No,No,No,NA
1672,13.4,82.4,32.7,21.39,0,No,No,No,No,NA
1673,29.6,52.7,19.1,1.57,0,No,No,No,No,NA
1674,20.3,51.1,42.4,3.55,0,No,No,No,No,NA
1675,19.3,61.7,24.6,8.88,0,No,No,No,No,NA
1676,34.2,24.3,48.1,1.62,477,No,No,Yes,Yes,4396
1677,29.8,50.0,23.8,1.94,171,Yes,Yes,Yes,Yes,662
1678,43.1,22.2,39.9,0.38,716,No,No,Yes,Yes,2343
1679,33.5,24.7,53.2,0.1,48,No,Yes,Yes,Yes,4652
1680,27.8,37.2,31.2,0.88,0,No,No,No,No,NA
1681,20.5,43.2,21.2,5.22,60,No,Yes,Yes,Yes,177
1682,33.5,27.9,76.4,0.6,878,No,Yes,Yes,Yes,6297
1683,21.0,63.6,18.9,3.66,0,No,No,No,No,NA
1684,39.1,33.5,79.3,1.13,0,No,No,Yes,No,NA
1685,37.2,16.9,62.0,0.03,652,Yes,Yes,Yes,Yes,8412
1686,17.0,77.9,15.0,10.41,0,No,No,No,No,NA
1687,16.0,92.5,8.3,8.56,0,No,Yes,Yes,No,NA
1688,15.7,94.5,11.4,21.37,0,No,No,No,No,NA
1689,23.3,29.4,23.0,2.0,26,Yes,Yes,Yes,Yes,1584
1690,25.2,25.9,52.7,1.29,317,No,Yes,Yes,Yes,2849
1691,24.1,73.5,17.5,11.24,0,No,No,Yes,No,NA
1692,33.8,37.9,49.4,1.65,630,No,Yes,Yes,Yes,1854
1693,37.4,28.7,57.5,1.52,0,No,No,Yes,No,NA
1694,16.4,91.2,8.5,28.85,0,No,No,No,No,NA
1695,12.4,81.2,19.8,22.25,0,No,No,No,No,NA
1696,26.4,43.5,24.8,1.43,234,No,No,Yes,Yes,827
1697,36.7,8.0,62.4,0.04,2149,No,Yes,Yes,Yes,1247
1698,20.1,41.7,49.6,7.53,0,No,No,No,No,NA
1699,22.3,68.1,24.3,5.14,0,No,No,No,No,NA
1700,22.8,29.1,48.8,0.16,0,No,No,No,No,NA
1701,33.1,22.5,82.5,0.78,2178,No,No,Yes,Yes,1257
1702,26.3,24.6,58.7,1.73,0,No,No,No,No,NA
1703,36.6,15.8,57.8,0.88,495,No,No,Yes,Yes,3207
1704,35.5,25.2,78.5,1.5,404,No,No,Yes,Yes,909
1705,32.7,18.9,70.8,1.31,174,No,No,Yes,Yes,2113
1706,33.9,25.6,55.4,0.3,271,No,No,Yes,Yes,2714
1707,25.2,38.9,49.8,0.79,0,No,No,No,No,NA
1708,12.0,76.1,30.5,20.43,0,No,No,No,No,NA
1709,40.6,22.8,75.3,0.2,540,No,Yes,Yes,Yes,365
1710,22.8,63.6,14.4,6.52,0,No,No,No,No,NA
1711,22.7,22.8,58.1,2.45,1031,No,Yes,Yes,Yes,2719
1712,16.3,74.9,24.2,37.33,0,No,No,No,No,NA
1713,17.6,72.1,27.9,5.36,0,No,No,No,No,NA
1714,30.1,33.9,55.6,1.94,349,No,No,Yes,Yes,929
1715,21.0,52.2,47.9,1.3,0,No,No,No,No,NA
1716,44.4,16.3,45.8,0.19,193,No,Yes,Yes,Yes,5183
1717,34.5,18.7,37.2,0.34,35,No,Yes,Yes,Yes,361
1718,20.3,68.3,17.1,20.46,0,No,No,No,No,NA
1719,25.4,31.5,38.1,0.98,390,No,Yes,Yes,Yes,1083
1720,13.0,80.0,23.4,9.98,63,No,No,Yes,Yes,101
1721,42.4,25.8,52.1,0.35,694,No,No,Yes,Yes,2573
1722,39.9,22.2,75.5,0.0,1271,No,Yes,Yes,Yes,5248
1723,25.6,53.3,42.2,3.62,0,No,No,No,No,NA
1724,24.1,35.8,43.0,1.77,499,No,Yes,Yes,Yes,552
1725,18.3,78.3,22.7,11.0,0,No,No,No,No,NA
1726,21.5,30.0,37.2,2.46,4,No,Yes,Yes,Yes,719
1727,32.6,21.6,52.4,0.11,1482,No,Yes,Yes,Yes,794
1728,28.7,36.4,15.2,3.05,12,No,Yes,Yes,Yes,289
1729,17.2,69.6,27.6,24.89,0,No,No,No,No,NA
1730,10.5,92.5,20.8,30.18,0,No,No,No,No,NA
1731,33.7,22.4,89.1,0.35,0,No,No,Yes,No,NA
1732,30.3,36.1,28.6,1.09,0,No,No,No,No,NA
1733,15.9,73.2,17.1,35.75,0,No,No,No,No,NA
1734,19.1,27.5,25.3,0.36,2,Yes,Yes,Yes,Yes,729
1735,32.8,29.1,66.6,0.35,350,No,Yes,Yes,Yes,1938
1736,18.8,76.6,28.6,7.86,0,No,No,No,No,NA
1737,32.6,28.2,49.6,0.2,199,No,No,Yes,Yes,3929
1738,36.2,19.0,71.5,1.46,0,No,No,No,No,NA
1739,24.6,78.2,13.1,5.11,0,No,No,No,No,NA
1740,20.6,28.2,31.8,0.4,0,No,No,Yes,No,NA
1741,31.4,24.7,47.5,0.47,879,No,No,Yes,Yes,1660
1742,9.2,93.5,10.3,9.28,0,No,No,No,No,NA
1743,30.6,31.2,51.6,1.88,729,Yes,Yes,Yes,Yes,3552
1744,23.9,70.1,26.2,12.48,112,No,Yes,Yes,Yes,74
1745,21.1,78.0,16.4,18.57,0,No,No,No,No,NA
1746,21.5,73.0,13.9,3.62,0,No,No,No,No,NA
1747,22.9,64.9,24.8,17.53,0,No,No,No,No,NA
1748,35.4,17.4,66.4,0.47,458,No,Yes,Yes,Yes,2750
1749,26.7,42.1,23.3,4.51,0,No,No,No,No,NA
1750,34.6,12.7,48.1,0.46,16,No,No,Yes,Yes,4101
1751,24.5,76.8,19.3,18.71,0,No,No,No,No,NA
1752,20.0,38.5,62.7,3.0,0,Yes,Yes,Yes,No,NA
1753,13.9,75.3,15.9,3.11,0,No,No,No,No,NA
1754,13.9,82.5,17.2,9.03,0,No,No,No,No,NA
1755,16.2,58.9,26.7,18.63,0,No,No,No,No,NA
1756,15.5,70.1,23.7,3.61,0,No,No,No,No,NA
1757,24.1,56.0,20.4,2.57,0,No,No,No,No,NA
1758,19.6,83.3,15.9,16.71,0,No,Yes,Yes,No,NA
1759,22.1,35.3,21.3,5.38,0,No,No,No,No,NA
1760,13.0,79.1,18.5,5.21,0,No,No,No,No,NA
1761,28.9,27.8,33.5,0.03,0,No,No,No,No,NA
1762,21.0,64.4,5.4,16.82,0,No,No,No,No,NA
1763,27.2,51.8,17.3,6.07,0,No,No,No,No,NA
1764,14.3,84.2,11.9,32.27,0,No,No,No,No,NA
1765,27.3,29.1,27.1,0.38,0,No,No,No,No,NA
1766,15.7,67.7,37.7,7.66,7,No,No,Yes,Yes,686
1767,37.5,14.2,39.7,0.12,804,No,Yes,Yes,Yes,319
1768,18.3,24.6,30.1,1.13,0,No,No,No,No,NA
1769,23.2,54.1,20.6,7.09,0,No,No,Yes,No,NA
1770,30.4,11.2,51.0,0.36,398,No,No,Yes,Yes,3123
1771,38.1,17.4,85.4,0.78,469,No,Yes,Yes,Yes,5404
1772,36.0,10.1,52.6,0.06,1531,No,No,Yes,Yes,422
1773,28.1,27.0,35.9,2.29,607,No,Yes,Yes,Yes,1243
1774,29.3,26.9,74.7,0.22,13,Yes,Yes,Yes,Yes,2203
1775,9.3,94.2,21.3,15.07,0,No,No,No,No,NA
1776,31.6,31.0,47.0,1.41,234,Yes,Yes,Yes,Yes,1713
1777,28.6,34.9,28.2,1.68,75,No,No,Yes,Yes,1705
1778,39.1,31.8,75.6,0.87,49,Yes,Yes,Yes,Yes,842
1779,44.7,14.9,55.5,0.16,1254,No,Yes,Yes,Yes,2345
1780,34.1,20.7,57.5,0.53,928,No,No,Yes,Yes,3613
1781,37.5,16.3,90.1,0.71,1633,Yes,Yes,Yes,Yes,2330
1782,27.9,38.6,40.8,2.42,0,No,No,No,No,NA
1783,27.0,31.8,54.3,1.63,32,Yes,Yes,Yes,Yes,1075
1784,42.4,19.7,84.3,0.25,1543,No,No,Yes,Yes,2495
1785,25.1,31.7,61.5,3.98,0,No,No,Yes,No,NA
1786,32.1,18.6,109.3,0.66,66,No,Yes,Yes,Yes,7447
1787,42.9,19.2,69.6,0.32,297,No,Yes,Yes,Yes,6958
1788,26.8,50.0,35.0,4.97,0,No,No,No,No,NA
1789,38.8,32.9,43.3,0.89,327,No,No,Yes,Yes,1909
1790,42.6,22.5,88.2,0.46,1382,Yes,Yes,Yes,Yes,6304
1791,19.4,65.8,39.5,24.4,0,No,No,No,No,NA
1792,13.7,80.3,17.8,4.03,0,No,No,No,No,NA
1793,33.3,23.6,29.4,1.13,289,No,Yes,Yes,Yes,2307
1794,21.2,23.3,51.8,2.24,0,No,No,No,No,NA
1795,28.4,45.0,57.2,1.43,0,Yes,Yes,Yes,No,NA
1796,27.6,35.8,59.5,0.85,405,No,Yes,Yes,Yes,1259
1797,17.6,68.3,21.3,5.35,0,No,No,No,No,NA
1798,24.0,37.8,55.4,2.78,0,No,No,Yes,No,NA
1799,28.0,39.4,57.4,1.29,192,Yes,Yes,Yes,Yes,768
1800,24.8,63.9,24.0,16.86,0,No,No,No,No,NA
1801,15.0,79.2,29.0,16.02,0,No,No,No,No,NA
1802,14.3,61.0,23.1,24.67,0,No,No,No,No,NA
1803,16.5,74.4,22.7,16.71,0,No,No,No,No,NA
1804,18.0,72.8,22.9,39.8,0,No,No,No,No,NA
1805,25.7,23.3,57.8,0.82,0,No,Yes,Yes,No,NA
1806,36.4,24.7,32.6,0.13,203,Yes,Yes,Yes,Yes,958
1807,39.8,19.9,65.7,0.62,683,No,No,Yes,Yes,6855
1808,26.4,26.3,50.2,1.45,0,No,No,No,No,NA
1809,13.3,66.5,26.1,19.57,0,No,No,No,No,NA
1810,43.3,15.8,63.1,0.05,1822,No,Yes,Yes,Yes,9330
1811,28.9,43.9,41.8,1.85,0,No,No,No,No,NA
1812,14.1,84.5,18.9,24.23,0,No,No,No,No,NA
1813,21.7,37.9,28.6,1.36,286,No,Yes,Yes,Yes,151
1814,43.0,21.3,89.7,0.12,921,No,No,Yes,Yes,239
1815,35.0,18.1,75.2,0.28,189,Yes,Yes,Yes,Yes,7504
1816,23.7,36.1,32.0,0.87,0,No,No,No,No,NA
1817,40.5,16.0,108.3,0.25,1381,No,No,Yes,Yes,13590
1818,18.1,70.8,22.3,10.19,0,No,No,No,No,NA
1819,34.1,27.3,79.4,0.44,553,No,Yes,Yes,Yes,7514
1820,20.1,60.7,13.9,21.85,0,No,No,No,No,NA
1821,30.6,42.1,27.4,1.26,0,Yes,Yes,Yes,No,NA
1822,22.2,38.5,25.4,3.73,0,No,No,No,No,NA
1823,26.7,25.9,68.2,1.6,626,No,No,Yes,Yes,2753
1824,18.8,20.6,28.2,1.12,0,No,No,Yes,No,NA
1825,20.2,66.3,33.9,17.07,0,No,No,Yes,No,NA
1826,12.2,71.9,25.5,11.71,0,No,No,No,No,NA
1827,17.0,57.0,19.4,17.88,0,No,No,No,No,NA
1828,44.1,12.6,38.1,0.36,36,No,No,Yes,Yes,2592
1829,15.5,68.2,10.7,15.67,0,No,No,No,No,NA
1830,27.0,49.6,45.3,4.49,0,No,No,No,No,NA
1831,18.7,61.6,17.9,7.58,0,No,No,No,No,NA
1832,11.5,92.0,12.2,31.33,0,No,No,No,No,NA
1833,24.8,38.1,31.4,1.4,0,No,No,No,No,NA
1834,26.1,38.9,27.7,1.43,446,No,No,Yes,Yes,1059
1835,26.8,39.7,43.0,3.6,29,No,Yes,Yes,Yes,1653
1836,16.3,83.9,12.6,10.94,0,No,No,No,No,NA
1837,40.5,9.0,80.8,0.3,91,Yes,Yes,Yes,Yes,3479
1838,9.2,83.6,21.6,14.34,0,No,No,No,No,NA
1839,16.5,70.3,22.2,35.21,0,No,No,No,No,NA
1840,12.7,81.8,23.2,14.11,0,No,Yes,Yes,No,NA
1841,33.3,28.3,107.3,0.26,92,No,No,Yes,Yes,1727
1842,25.4,29.0,56.4,0.43,0,No,No,No,No,NA
1843,22.4,46.9,20.1,3.92,0,No,No,No,No,NA
1844,19.4,80.1,27.0,12.36,0,No,No,No,No,NA
1845,23.8,74.1,20.0,7.51,0,No,No,No,No,NA
1846,23.4,57.6,26.0,14.26,0,No,No,No,No,NA
1847,33.6,39.7,47.0,1.93,0,Yes,Yes,Yes,No,NA
1848,18.5,74.8,14.9,8.18,0,No,No,No,No,NA
1849,34.9,33.2,45.0,0.78,0,No,No,No,No,NA
1850,20.5,23.4,59.7,3.7,0,No,No,No,No,NA
1851,7.2,73.0,21.3,5.52,0,No,No,No,No,NA
1852,32.8,16.9,57.7,0.19,1482,No,Yes,Yes,Yes,4111
1853,23.3,36.0,52.7,0.57,110,Yes,Yes,Yes,Yes,2552
1854,13.3,72.1,15.2,6.66,0,No,No,No,No,NA
1855,18.4,64.9,19.3,22.06,0,No,No,No,No,NA
1856,25.3,24.0,58.7,0.03,0,No,Yes,Yes,No,NA
1857,42.3,29.0,85.3,0.44,1095,No,Yes,Yes,Yes,5331
1858,25.7,38.1,39.6,0.74,0,No,No,No,No,NA
1859,17.8,70.0,13.9,16.34,0,No,No,No,No,NA
1860,21.2,32.4,26.7,2.46,121,Yes,Yes,Yes,Yes,314
1861,24.8,28.1,40.5,1.84,292,No,Yes,Yes,Yes,1801
1862,37.4,16.5,41.2,1.61,27,No,Yes,Yes,Yes,3287
1863,15.2,57.2,15.8,14.63,0,No,No,No,No,NA
1864,17.8,80.8,15.6,3.32,0,No,No,No,No,NA
1865,41.9,24.7,64.3,0.47,0,No,No,No,No,NA
1866,23.4,41.3,48.5,3.95,0,No,No,No,No,NA
1867,19.9,64.6,9.6,3.34,0,No,No,No,No,NA
1868,13.4,62.3,31.4,11.86,0,No,No,No,No,NA
1869,16.4,78.6,13.4,12.58,0,No,No,No,No,NA
1870,39.4,17.3,105.0,0.11,102,No,No,Yes,Yes,5450
1871,13.3,81.1,14.2,21.58,0,No,No,No,No,NA
1872,18.2,34.7,27.5,1.6,0,No,No,No,No,NA
1873,25.0,26.1,26.9,2.48,423,No,No,Yes,Yes,1499
1874,30.1,11.8,81.2,0.95,186,No,Yes,Yes,Yes,3230
1875,32.4,35.8,57.2,2.32,80,No,Yes,Yes,Yes,3978
1876,30.7,39.5,50.5,1.69,0,No,No,Yes,No,NA
1877,28.1,28.5,57.4,0.09,195,No,No,Yes,Yes,2800
1878,32.4,9.2,55.8,0.16,212,No,No,Yes,Yes,1601
1879,17.7,67.8,31.3,18.38,0,No,No,No,No,NA
1880,24.3,28.3,47.2,0.85,0,Yes,Yes,Yes,No,NA
1881,37.2,23.3,69.3,1.92,0,No,Yes,Yes,No,NA
1882,40.5,11.7,104.1,0.73,764,Yes,Yes,Yes,Yes,4294
1883,15.7,77.3,10.3,17.87,0,No,No,No,No,NA
1884,36.8,27.6,64.5,0.87,43,No,Yes,Yes,Yes,1516
1885,12.6,75.5,19.4,13.8,0,No,No,No,No,NA
1886,12.1,94.2,11.4,12.97,0,No,No,No,No,NA
1887,35.3,12.8,52.8,0.33,537,Yes,Yes,Yes,Yes,221
1888,29.6,38.2,34.8,5.97,25,No,Yes,Yes,Yes,1374
1889,39.5,23.3,86.0,0.89,368,Yes,Yes,Yes,Yes,9418
1890,33.9,21.7,72.2,0.22,732,No,No,Yes,Yes,1217
1891,9.1,93.0,10.4,37.92,0,No,No,No,No,NA
1892,31.7,23.6,65.1,1.57,0,No,No,Yes,No,NA
1893,34.1,15.1,78.7,0.46,2931,Yes,Yes,Yes,Yes,3083
1894,21.1,32.7,49.7,0.13,635,No,No,Yes,Yes,1393
1895,35.1,16.0,54.2,1.49,96,No,No,Yes,Yes,5308
1896,25.2,38.6,28.6,0.91,0,No,No,Yes,No,NA
1897,25.0,27.0,66.9,1.76,629,No,Yes,Yes,Yes,1344
1898,34.6,39.8,36.8,1.23,0,No,No,No,No,NA
1899,23.5,50.0,46.8,5.65,0,Yes,Yes,Yes,No,NA
1900,32.6,36.4,43.1,1.93,530,No,Yes,Yes,Yes,1051
1901,31.2,30.6,75.8,1.99,104,No,No,Yes,Yes,941
1902,34.0,24.0,109.2,0.86,11,No,Yes,Yes,Yes,9197
1903,21.3,75.7,6.8,5.83,0,No,No,No,No,NA
1904,24.0,27.1,41.5,0.55,267,No,Yes,Yes,Yes,897
1905,25.7,34.7,21.6,0.08,0,No,No,Yes,No,NA
1906,22.4,47.7,48.6,4.67,0,No,Yes,Yes,No,NA
1907,25.9,27.9,31.0,0.27,0,No,No,Yes,No,NA
1908,32.0,32.5,62.5,1.58,1162,No,Yes,Yes,Yes,469
1909,32.2,10.9,107.2,0.24,243,No,No,Yes,Yes,10873
1910,13.9,66.4,39.5,22.58,0,No,No,No,No,NA
1911,29.4,31.0,73.7,0.45,0,No,Yes,Yes,No,NA
1912,16.0,74.9,23.1,5.08,0,No,No,No,No,NA
1913,30.2,38.2,56.1,1.37,0,No,No,Yes,No,NA
1914,16.4,73.4,20.0,15.11,0,No,No,No,No,NA
1915,27.0,33.8,43.8,2.82,95,Yes,Yes,Yes,Yes,204
1916,19.7,77.5,35.7,4.48,0,No,No,No,No,NA
1917,20.1,69.5,27.5,16.47,0,No,No,No,No,NA
1918,41.3,23.1,109.7,0.14,198,Yes,Yes,Yes,Yes,1254
1919,6.8,93.6,6.2,8.1,0,No,No,No,No,NA
1920,14.5,93.1,22.2,31.17,0,No,No,No,No,NA
1921,25.8,49.2,39.5,5.55,0,No,No,No,No,NA
1922,15.4,60.2,6.3,18.87,0,No,No,No,No,NA
1923,16.3,66.0,14.0,18.75,0,No,No,No,No,NA
1924,27.2,35.8,42.2,1.48,628,Yes,Yes,Yes,Yes,364
1925,27.2,46.9,47.7,3.8,0,No,No,No,No,NA
1926,19.2,30.7,30.3,0.28,310,No,Yes,Yes,Yes,745
1927,31.6,32.3,41.6,1.89,9,No,No,Yes,Yes,915
1928,20.2,61.7,21.6,6.57,0,No,No,No,No,NA
1929,17.2,80.5,5.3,6.96,0,No,No,No,No,NA
1930,31.3,43.1,38.4,2.26,0,No,No,Yes,No,NA
1931,15.8,67.8,14.8,8.51,0,No,No,No,No,NA
1932,33.9,10.7,107.9,0.39,514,No,Yes,Yes,Yes,7687
1933,22.5,29.1,30.2,0.68,23,No,No,Yes,Yes,133
1934,29.3,43.4,49.6,2.82,0,No,No,Yes,No,NA
1935,31.8,37.0,51.8,1.91,1082,No,Yes,Yes,Yes,3411
1936,21.4,73.1,27.7,14.8,0,No,No,No,No,NA
1937,24.9,29.0,33.6,0.72,163,No,No,Yes,Yes,2736
1938,26.7,42.3,23.3,2.34,0,No,No,No,No,NA
1939,42.5,12.1,34.7,0.42,339,No,Yes,Yes,Yes,1867
1940,32.1,36.3,30.7,0.99,0,No,No,No,No,NA
1941,39.4,28.9,105.0,0.34,1196,No,No,Yes,Yes,4214
1942,32.2,36.9,40.1,2.89,244,Yes,Yes,Yes,Yes,166
1943,39.4,23.7,86.2,0.46,1192,Yes,Yes,Yes,Yes,6667
1944,22.6,26.0,42.9,0.45,0,No,No,Yes,No,NA
1945,31.8,17.4,93.0,0.99,2296,No,Yes,Yes,Yes,3415
1946,20.3,35.9,31.3,1.66,226,No,No,Yes,Yes,718
1947,24.4,40.4,29.0,2.88,0,No,Yes,Yes,No,NA
1948,30.0,30.6,37.8,0.33,0,No,No,Yes,No,NA
1949,29.1,33.7,51.2,0.31,586,No,No,Yes,Yes,1247
1950,31.1,31.9,66.0,1.36,43,No,Yes,Yes,Yes,833
1951,16.1,68.5,32.3,6.25,0,No,No,No,No,NA
1952,20.8,65.0,13.1,5.39,0,No,No,No,No,NA
1953,40.4,8.8,75.8,0.35,1442,No,No,Yes,Yes,3753
1954,18.6,61.1,10.8,6.34,0,No,No,No,No,NA
1955,15.7,59.7,16.6,17.24,0,No,No,No,No,NA
1956,21.6,39.4,52.7,0.49,0,No,No,No,No,NA
1957,20.1,77.4,24.8,6.62,0,No,No,No,No,NA
1958,28.8,32.0,26.2,2.33,483,No,No,Yes,Yes,584
1959,9.5,88.0,24.3,17.33,0,No,No,No,No,NA
1960,16.8,73.7,8.0,29.26,0,No,No,No,No,NA
1961,20.3,30.4,49.3,0.01,186,No,Yes,Yes,Yes,2640
1962,10.5,72.2,12.0,6.22,0,No,No,No,No,NA
1963,21.8,61.1,15.6,16.36,0,No,No,No,No,NA
1964,20.1,80.7,16.0,3.85,42,No,Yes,Yes,Yes,94
1965,18.8,75.8,15.5,4.97,0,No,No,No,No,NA
1966,32.2,40.2,41.4,0.77,1140,No,Yes,Yes,Yes,368
1967,16.4,59.0,22.8,2.3,0,No,No,No,No,NA
1968,43.0,16.9,109.4,0.86,910,No,No,Yes,Yes,9649
1969,24.1,42.5,43.7,5.13,0,No,No,Yes,No,NA
1970,24.7,42.9,51.6,1.44,0,No,No,Yes,No,NA
1971,12.6,69.9,33.8,9.07,0,No,No,Yes,No,NA
1972,16.1,93.7,20.4,27.86,0,No,No,Yes,No,NA
1973,15.1,74.4,18.2,22.81,0,No,No,No,No,NA
1974,27.9,29.5,39.6,0.25,0,No,No,No,No,NA
1975,36.7,12.3,34.4,0.09,99,Yes,Yes,Yes,Yes,2365
1976,23.3,40.4,34.9,5.53,0,No,No,No,No,NA
1977,12.7,81.3,14.9,33.17,0,No,No,No,No,NA
1978,15.2,59.2,29.4,14.0,0,No,No,No,No,NA
1979,29.2,29.6,43.6,0.61,0,No,No,Yes,No,NA
1980,32.0,37.4,38.5,1.7,0,No,No,Yes,No,NA
1981,30.6,18.3,59.6,0.97,993,No,No,Yes,Yes,1944
1982,38.0,13.8,64.6,0.27,425,No,No,Yes,Yes,1856
1983,28.8,34.0,37.4,0.46,690,No,No,Yes,Yes,447
1984,25.6,23.6,30.0,0.18,333,No,Yes,Yes,Yes,1356
1985,25.7,36.0,36.4,0.03,376,No,Yes,Yes,Yes,649
1986,32.8,26.4,63.7,1.85,0,No,No,Yes,No,NA
1987,31.8,33.5,59.6,0.77,223,Yes,Yes,Yes,Yes,806
1988,32.7,36.3,44.7,2.89,218,No,Yes,Yes,Yes,1038
1989,5.6,79.3,14.3,5.28,0,No,No,No,No,NA
1990,13.6,70.3,16.2,9.59,0,No,No,No,No,NA
1991,21.5,30.5,59.0,3.36,0,No,No,No,No,NA
1992,29.2,43.3,30.2,2.74,0,No,No,Yes,No,NA
1993,39.7,16.1,65.4,0.07,1464,No,No,Yes,Yes,3977
1994,15.8,93.6,10.2,25.24,0,No,No,No,No,NA
1995,41.4,15.3,81.5,0.68,1101,Yes,Yes,Yes,Yes,355
1996,36.7,19.4,63.0,1.64,44,No,No,Yes,Yes,5017
1997,45.0,20.9,56.7,0.03,784,No,No,Yes,Yes,4546
1998,21.9,47.6,42.5,3.28,0,No,No,No,No,NA
1999,15.4,55.3,12.5,12.2,0,No,No,No,No,NA
2000,26.5,32.2,48.3,1.65,110,No,No,Yes,Yes,531
